ProjectName,SampleNumber,StudySite,Date,Time,GPSLatitude,GPSLongitude,GearType,AreaSampled,FieldSalinity_in_ppt,LaboratorySalinity_in_ppt,WaterTemperature_in_°C,Dissolved_Oxygen_in_ppm,Turbidity_in_NTU's,Distance_to_Marsh_Edge_in_m,Distance_to_Seagrass_Edge_in_m,Inside_Depth_One_in_cm,Inside_Depth_Two_in_cm,Inside_Depth_Three_in_cm,Inside_Depth_Four_in_cm,Inside_Depth_Five_in_cm,GeneralHabitat,PhysicalHabitat,DominantPlantSpecies,MarshSeagrassType,MiscDescriptor,GeneralHabitatComments,PlantBiomass_in_grams,PlantWetBiomass_in_grams,PlantDryBiomass_in_grams,StemCount,VegCover,PlantComments
Barataria Bay Fall 2006,BBF-2006-064,Port Fourchon side,10/3/2006,8:05 AM,29.20571,90.21339,1,1,24,24,27.29999924,3,39.16999817,0.600000024,-999,26,24,28,31,34,Marsh,Vegetated,Spartina alterniflora,Natural,M1,,,,,300,-999,
Barataria Bay Fall 2006,BBF-2006-065,Port Fourchon side,10/3/2006,8:43 AM,29.19619,90.21029,1,1,25,24,27.70000076,3.400000095,19.54000092,0.699999988,-999,56,60,57,55,50,Open Water,Non Vegetated,Nonvegetated,Natural,SNB1,,,,,0,0,
Barataria Bay Fall 2006,BBF-2006-066,Port Fourchon side,10/3/2006,9:08 AM,29.18917,90.21714,1,1,26,26,27.60000038,5.199999809,12.94999981,1.200000048,-999,61,62,65,63,68,Open Water,Non Vegetated,Nonvegetated,Natural,SNB1,,,,,0,0,
Barataria Bay Fall 2006,BBF-2006-067,Port Fourchon side,10/3/2006,9:30 AM,29.18547,90.21086,1,1,27,27,27.60000038,3.099999905,31.05999947,1.100000024,-999,21,19,21,22,20,Marsh,Vegetated,Spartina alterniflora,Natural,M1,,,,,144,-999,Avicennia seedlings & Salicornia
Barataria Bay Fall 2006,BBF-2006-068,Port Fourchon side,10/3/2006,10:07 AM,29.18314,90.2039,1,1,28,28,28.20000076,5.599999905,22.84000015,0.800000012,-999,52,51,50,51,52,Open Water,Non Vegetated,Nonvegetated,Natural,SNB1,,,,,0,0,
Barataria Bay Fall 2006,BBF-2006-069,Port Fourchon side,10/3/2006,10:30 AM,29.18537,90.20497,1,1,27,26,28,5.199999809,151.1999969,1.100000024,-999,72,62,65,64,65,Open Water,Non Vegetated,Nonvegetated,Natural,SNB1,,,,,0,0,
Barataria Bay Fall 2006,BBF-2006-070,Port Fourchon side,10/3/2006,10:56 AM,29.17685,90.21542,1,1,26,27,28,5,37.27999878,1,-999,17,17,16,15,16,Marsh,Vegetated,Spartina alterniflora,Natural,M1,,,,,274,-999,
Barataria Bay Fall 2006,BBF-2006-071,Port Fourchon side,10/3/2006,11:30 AM,29.16989,90.21246,1,1,28,27,28.20000076,5.199999809,43.59000015,0.899999976,-999,20,20,20,19,22,Marsh,Vegetated,Spartina alterniflora,Natural,M1,,,,,243,-999,
Barataria Bay Fall 2006,BBF-2006-072,Port Fourchon side,10/3/2006,12:30 PM,29.16666,90.20424,1,1,27,29,29.10000038,7.099999905,28.39999962,1,-999,62,62,65,65,64,Open Water,Non Vegetated,Nonvegetated,Natural,SNB1,,,,,0,-999,Coffee ground bottom-type of macerated vegetation
Barataria Bay Fall 2006,BBF-2006-073,Port Fourchon side,10/3/2006,1:02 PM,29.16396,90.19141,1,1,28,29,29.60000038,4.699999809,95.36000061,1.100000024,-999,13,12,10,15,15,Marsh,Vegetated,Spartina alterniflora,Natural,M1,,,,,226,-999,
Barataria Bay Fall 2006,BBF-2006-074,Caminida Bay side,10/4/2006,8:27 AM,29.25484,90.14532,1,1,21,24,27.10000038,2.299999952,20.19000053,1.100000024,-999,14,16,16,16,15,Marsh,Vegetated,Spartina alterniflora,Natural,M1,,,,,340,-999,
Barataria Bay Fall 2006,BBF-2006-075,Caminida Bay side,10/4/2006,9:02 AM,29.25893,90.12137,1,1,28,28,26.89999962,4.800000191,22.81999969,0.699999988,-999,44,50,46,47,48,Open Water,Non Vegetated,Nonvegetated,Natural,SNB1,,,,,0,0,
Barataria Bay Fall 2006,BBF-2006-076,Caminida Bay side,10/4/2006,9:24 AM,29.23554,90.11772,1,1,29,28,27.89999962,5.699999809,58.11999893,0.699999988,-999,22,25,23,20,20,Marsh,Vegetated,Spartina alterniflora,Natural,M1,,,,,314,-999,
Barataria Bay Fall 2006,BBF-2006-077,Caminida Bay side,10/4/2006,9:48 AM,29.23524,90.12504,1,1,27,21,28.20000076,6,28.53000069,1.200000048,-999,52,52,51,55,60,Open Water,Non Vegetated,Nonvegetated,Natural,SNB1,Oyster reef,,,,0,0,
Barataria Bay Fall 2006,BBF-2006-078,Caminida Bay side,10/4/2006,10:14 AM,29.23308,90.13137,1,1,30,30,27.60000038,5.400000095,46.47999954,0.699999988,-999,25,23,23,37,26,Marsh,Vegetated,Spartina alterniflora,Natural,M1,,,,,374,-999,
Barataria Bay Fall 2006,BBF-2006-079,Caminida Bay side,10/4/2006,10:41 AM,29.2275,90.11903,1,1,27,26,27.70000076,6.199999809,20.44000053,0.800000012,-999,47,50,52,56,56,Open Water,Non Vegetated,Nonvegetated,Natural,SNB1,,,,,0,0,
Barataria Bay Fall 2006,BBF-2006-080,Caminida Bay side,10/4/2006,11:07 AM,29.21858,90.12209,1,1,29,30,28.10000038,5.699999809,46.41999817,1.299999952,-999,22,24,22,22,23,Marsh,Vegetated,Spartina alterniflora,Natural,M1,,,,,305,-999,
Barataria Bay Fall 2006,BBF-2006-081,Caminida Bay side,10/4/2006,11:46 AM,29.19101,90.09754,1,1,27,27,29.29999924,7,29.18000031,1.399999976,-999,49,48,42,42,49,Open Water,Non Vegetated,Nonvegetated,Natural,SNB1,,,,,0,0,
Barataria Bay Fall 2006,BBF-2006-082,Caminida Bay side,10/4/2006,1:53 PM,29.22088,90.1773,1,1,26,25,28.89999962,5.5,14.5,1.200000048,-999,52,52,55,53,52,Open Water,Non Vegetated,Nonvegetated,Natural,SNB1,,,,,0,0,
Barataria Bay Fall 2006,BBF-2006-083,Caminida Bay side,10/4/2006,2:28 PM,29.23762,90.17287,1,1,25,26,29.10000038,5.099999905,87.95999908,1,-999,15,14,14,15,14,Marsh,Vegetated,Spartina alterniflora,Natural,M1,,,,,399,-999,
Barataria Bay Fall 2006,BBF-2006-084,Port Fourchon side,10/3/2006,7:58 AM,29.16846,90.22287,1,1,29,30,27.39999962,3.799999952,20.26000023,16.29999924,-999,65,66,66,67,67,Open Water,Non Vegetated,Nonvegetated,Natural,SNB20,,,,,0,0,
Barataria Bay Fall 2006,BBF-2006-085,Port Fourchon side,10/3/2006,8:30 AM,29.16647,90.19689,1,1,27,26,27.5,3.200000048,35.04999924,6.099999905,-999,74,74,74,73,75,Open Water,Non Vegetated,Nonvegetated,Natural,SNB5,,,,,0,0,
Barataria Bay Fall 2006,BBF-2006-086,Port Fourchon side,10/3/2006,10:01 AM,29.17571,90.19971,1,1,25,26,28.29999924,3.599999905,37.63000107,17.29999924,-999,79,79,74,73,75,Open Water,Non Vegetated,Nonvegetated,Natural,SNB20,,,,,0,0,
Barataria Bay Fall 2006,BBF-2006-087,Port Fourchon side,10/3/2006,10:29 AM,29.1795,90.20451,1,1,25,30,28.5,4.800000191,27.89999962,4.800000191,-999,61,62,62,64,66,Open Water,Non Vegetated,Nonvegetated,Natural,SNB5,,,,,0,0,
Barataria Bay Fall 2006,BBF-2006-088,Port Fourchon side,10/3/2006,10:53 AM,29.18173,90.21799,1,1,25,26,28.20000076,5.800000191,21.15999985,15.30000019,-999,82,82,83,85,85,Open Water,Non Vegetated,Nonvegetated,Natural,SNB20,,,,,0,0,
Barataria Bay Fall 2006,BBF-2006-089,Port Fourchon side,10/3/2006,11:12 AM,29.1856,90.20895,1,1,26,27,28.29999924,4.5,21.5,5.400000095,-999,50,50,50,50,51,Open Water,Non Vegetated,Nonvegetated,Natural,SNB5,,,,,0,0,
Barataria Bay Fall 2006,BBF-2006-090,Port Fourchon side,10/3/2006,11:34 AM,29.19065,90.20548,1,1,23,28,28.79999924,5,23.95000076,5.699999809,-999,64,64,65,65,65,Open Water,Non Vegetated,Nonvegetated,Natural,SNB5,,,,,0,0,
Barataria Bay Fall 2006,BBF-2006-091,Port Fourchon side,10/3/2006,12:29 PM,29.19355,90.21519,1,1,20,21,29.20000076,6,16.72999954,17.39999962,-999,80,80,80,79,79,Open Water,Non Vegetated,Nonvegetated,Natural,SNB20,,,,,0,0,
Barataria Bay Fall 2006,BBF-2006-092,Port Fourchon side,10/3/2006,12:56 PM,29.19864,90.20944,1,1,22,25,29.29999924,4.400000095,35.34999847,4.199999809,-999,49,50,52,52,54,Open Water,Non Vegetated,Nonvegetated,Natural,SNB5,,,,,0,0,
Barataria Bay Fall 2006,BBF-2006-093,Port Fourchon side,10/3/2006,1:19 PM,29.20392,90.21189,1,1,20,25,29.39999962,4.699999809,29.96999931,16.79999924,-999,79,79,79,80,81,Open Water,Non Vegetated,Nonvegetated,Natural,SNB20,,,,,0,0,
Barataria Bay Fall 2006,BBF-2006-094,Caminida Bay side,10/4/2006,8:23 AM,29.2146,90.15257,1,1,28,28,28,4.599999905,21.53000069,3.400000095,-999,98,98,97,93,93,Open Water,Non Vegetated,Nonvegetated,Natural,SNB5,,,,,0,0,
Barataria Bay Fall 2006,BBF-2006-095,Caminida Bay side,10/4/2006,8:57 AM,29.19005,90.13693,1,1,27,25,27.39999962,4.900000095,69.33999634,5.400000095,-999,58,59,59,59,60,Open Water,Non Vegetated,Nonvegetated,Natural,SNB5,,,,,0,0,
Barataria Bay Fall 2006,BBF-2006-096,Caminida Bay side,10/4/2006,9:22 AM,29.18087,90.13354,1,1,26,26,28.5,3.200000048,22.5,22,-999,65,65,65,63,56,Open Water,Non Vegetated,Nonvegetated,Natural,SNB20,,,,,0,0,
Barataria Bay Fall 2006,BBF-2006-097,Caminida Bay side,10/4/2006,10:27 AM,29.19,90.1033,1,1,25,25,28,5,18.96999931,18,-999,120,120,120,121,121,Open Water,Non Vegetated,Nonvegetated,Natural,SNB20,,,,,0,0,
Barataria Bay Fall 2006,BBF-2006-098,Caminida Bay side,10/4/2006,10:48 AM,29.21579,90.10297,1,1,23,22,28.39999962,5.699999809,25.26000023,21,-999,81,81,86,89,86,Open Water,Non Vegetated,Nonvegetated,Natural,SNB20,,,,,0,0,
Barataria Bay Fall 2006,BBF-2006-099,Caminida Bay side,10/4/2006,11:22 AM,29.24188,90.11247,1,1,25,25,28.89999962,6.199999809,38.56000137,3,-999,71,71,71,71,73,Open Water,Non Vegetated,Nonvegetated,Natural,SNB5,,,,,0,0,
Barataria Bay Fall 2006,BBF-2006-100,Caminida Bay side,10/4/2006,11:42 AM,29.24512,90.12855,1,1,24,25,28.20000076,6.099999905,40.13000107,22,-999,118,118,118,118,116,Open Water,Non Vegetated,Nonvegetated,Natural,SNB20,,,,,0,0,
Barataria Bay Fall 2006,BBF-2006-101,Caminida Bay side,10/4/2006,12:36 PM,29.22992,90.14639,1,1,22,23,28.79999924,6.300000191,35.29000092,5.5,-999,87,87,88,88,90,Open Water,Non Vegetated,Nonvegetated,Natural,SNB5,,,,,0,0,
Barataria Bay Fall 2006,BBF-2006-102,Caminida Bay side,10/4/2006,1:20 PM,29.25059,90.16294,1,1,22,25,29.5,6.199999809,43.81000137,20,-999,103,99,102,106,101,Open Water,Non Vegetated,Nonvegetated,Natural,SNB20,,,,,0,0,
Barataria Bay Fall 2006,BBF-2006-103,Caminida Bay side,10/4/2006,1:42 PM,29.2517,90.1711,1,1,24,23,29.5,6.599999905,21.20000076,6,-999,96,96,97,98,98,Open Water,Non Vegetated,Nonvegetated,Natural,SNB5,,,,,0,0,
Barataria Bay Spring 2006,BBS-2006-001,Port Fourchon side,4/30/2006,2:43 PM,29.16772,90.195,1,1,25,26,27.5,7.400000095,4.619999886,1.399999976,-999,43,34,41,45,34,Marsh,Vegetated,Spartina alterniflora,Natural,M1,,,,,62,70,
Barataria Bay Spring 2006,BBS-2006-002,Port Fourchon side,4/30/2006,3:08 PM,29.16608,90.19525,1,1,25,27,27.70000076,7.599999905,12.31999969,5.199999809,-999,75,75,76,76,79,Open Water,Nonvegetated,Nonvegetated,Natural,SNB5,,,,,0,0,
Barataria Bay Spring 2006,BBS-2006-003,Port Fourchon side,4/30/2006,3:37 PM,29.16462,90.19612,1,1,25,26,27.5,7.900000095,11.42000008,0.699999988,-999,64,65,67,62,70,Open Water,Nonvegetated,Nonvegetated,Natural,SNB1,,,,,0,0,
Barataria Bay Spring 2006,BBS-2006-004,Port Fourchon side,4/30/2006,4:02 PM,29.16125,90.19715,1,1,25,26,27.60000038,8.300000191,7.940000057,0.5,-999,36,36,40,39,35,Marsh,Vegetated,Spartina alterniflora,Natural,M1,,,,,111,100,Salicornia virginica: 5%; Spartina alterniflora: 95%
Barataria Bay Spring 2006,BBS-2006-005,Port Fourchon side,4/30/2006,4:27 PM,29.16588,90.19745,1,1,25,27,26.60000038,6.199999809,18.63999939,2.200000048,-999,58,56,58,62,60,Open Water,Nonvegetated,Nonvegetated,Natural,SNB1,,,,,0,0,
Barataria Bay Spring 2006,BBS-2006-006,Port Fourchon side,4/30/2006,4:53 PM,29.16852,90.1956,1,1,25,26,27.79999924,8.600000381,17.12999916,4.400000095,-999,59,60,58,61,61,Open Water,Nonvegetated,Nonvegetated,Natural,SNB5,,,,,0,0,Bottom covered green with hair algae
Barataria Bay Spring 2006,BBS-2006-007,Port Fourchon side,5/1/2006,10:40 AM,29.16399,90.19185,1,1,25,25,26.60000038,5.400000095,6.369999886,20.29999924,-999,78,80,79,80,80,Open Water,Nonvegetated,Nonvegetated,Natural,SNB20,,,,,0,0,
Barataria Bay Spring 2006,BBS-2006-008,Port Fourchon side,5/1/2006,11:06 AM,29.16378,90.19593,1,1,25,26,25.70000076,5.5,4.710000038,19.20000076,-999,66,69,68,68,66,Open Water,Nonvegetated,Nonvegetated,Natural,SNB20,,,,,0,0,
Barataria Bay Spring 2006,BBS-2006-009,Port Fourchon side,5/1/2006,11:24 AM,29.16623,90.1969,1,1,25,27,27.29999924,5.400000095,10.39999962,19.29999924,-999,84,84,85,84,84,Open Water,Nonvegetated,Nonvegetated,Natural,SNB20,,,,,0,0,
Barataria Bay Spring 2006,BBS-2006-010,Port Fourchon side,5/1/2006,11:51 AM,29.16533,90.19508,1,1,25,27,27.20000076,6.5,7.909999847,1,-999,21,24,16,21,33,Marsh,Vegetated,Spartina alterniflora,Natural,M1,,,,,143,40,
Barataria Bay Spring 2006,BBS-2006-011,Port Fourchon side,5/1/2006,12:19 PM,29.16061,90.19474,1,1,25,26,26.20000076,6.400000095,4.760000229,2.099999905,-999,66,66,67,64,67,Open Water,Nonvegetated,Nonvegetated,Natural,SNB1,,,,,0,0,
Barataria Bay Spring 2006,BBS-2006-012,Port Fourchon side,5/1/2006,1:11 PM,29.16574,90.18999,1,1,25,27,28.20000076,7.300000191,5.289999962,5.300000191,-999,72,74,72,71,71,Open Water,Nonvegetated,Nonvegetated,Natural,SNB5,,,,,0,0,
Barataria Bay Spring 2006,BBS-2006-013,Port Fourchon side,5/1/2006,1:46 PM,29.16987,90.1994,1,1,25,27,28,7.099999905,4.480000019,1.399999976,-999,73,66,64,70,64,Open Water,Nonvegetated,Nonvegetated,Natural,SNB1,,,,,0,0,
Barataria Bay Spring 2006,BBS-2006-014,Port Fourchon side,5/1/2006,2:08 PM,29.16953,90.20432,1,1,24,27,28,7.400000095,3.640000105,0.800000012,-999,35,35,33,36,36,Marsh,Vegetated,Salicornia virginica,Natural,M1,,,,,266,80,Salicornia virginica: 60%; Spartina alterniflora: 40%
Barataria Bay Spring 2006,BBS-2006-015,Port Fourchon side,5/1/2006,2:54 PM,29.16839,90.20008,1,1,25,27,28.10000038,7.599999905,2.160000086,20,-999,99,100,105,100,102,Open Water,Nonvegetated,Nonvegetated,Natural,SNB20,,,,,0,0,
Barataria Bay Spring 2006,BBS-2006-016,Port Fourchon side,5/1/2006,3:18 PM,29.16661,90.20419,1,1,25,25,28.29999924,8.100000381,2.529999971,4.300000191,-999,91,92,93,92,93,Open Water,Nonvegetated,Nonvegetated,Natural,SNB5,,,,,0,0,
Barataria Bay Spring 2006,BBS-2006-017,Port Fourchon side,5/1/2006,3:45 PM,29.17263,90.20166,1,1,25,25,28.10000038,7.099999905,5.869999886,18.60000038,-999,114,112,113,110,112,Open Water,Nonvegetated,Nonvegetated,Natural,SNB20,,,,,0,0,
Barataria Bay Spring 2006,BBS-2006-018,Port Fourchon side,5/1/2006,4:08 PM,29.17405,90.20222,1,1,25,25,28.70000076,7.800000191,4.639999866,2.400000095,-999,76,74,66,78,75,Open Water,Nonvegetated,Nonvegetated,Natural,SNB1,,,,,0,0,
Barataria Bay Spring 2006,BBS-2006-019,Port Fourchon side,5/2/2006,10:56 AM,29.17498,90.19904,1,1,25,26,27.20000076,5.099999905,3.24000001,7.400000095,-999,66,68,68,66,69,Open Water,Nonvegetated,Nonvegetated,Natural,SNB5,,,,,0,0,
Barataria Bay Spring 2006,BBS-2006-020,Port Fourchon side,5/2/2006,11:24 AM,29.17519,90.20277,1,1,25,26,26.20000076,5.699999809,9.31000042,0.899999976,-999,16,16,14,14,16,Marsh,Vegetated,Spartina alterniflora,Natural,M1,,,,,263,90,Spartina alterniflora: 90%; Wrack (debris): 10%
Barataria Bay Spring 2006,BBS-2006-021,Port Fourchon side,5/2/2006,12:01 PM,29.17621,90.20707,1,1,25,26,26.5,6,10.22999954,1.399999976,-999,74,75,75,68,67,Open Water,Nonvegetated,Nonvegetated,Natural,SNB1,,,,,0,0,
Barataria Bay Spring 2006,BBS-2006-022,Port Fourchon side,5/2/2006,12:53 PM,29.18113,90.20193,1,1,25,27,27.60000038,5.699999809,8.229999542,1,-999,23,19,25,39,28,Marsh,Vegetated,Spartina alterniflora,Natural,M1,,,,,244,80,
Barataria Bay Spring 2006,BBS-2006-023,Port Fourchon side,5/2/2006,1:28 PM,29.17759,90.19985,1,1,25,26,27.20000076,6.199999809,19.56999969,26.39999962,-999,93,94,93,94,93,Open Water,Nonvegetated,Nonvegetated,Natural,SNB20,,,,,0,0,
Barataria Bay Spring 2006,BBS-2006-024,Port Fourchon side,5/2/2006,1:55 PM,29.17994,90.20422,1,1,25,26,27.79999924,6.099999905,1.580000043,4.699999809,-999,71,69,71,70,71,Open Water,Nonvegetated,Nonvegetated,Natural,SNB5,,,,,0,0,
Barataria Bay Spring 2006,BBS-2006-025,Port Fourchon side,5/2/2006,2:16 PM,29.18379,90.20486,1,1,21,26,29,5.900000095,11.52999973,19.70000076,-999,68,68,69,67,67,Open Water,Nonvegetated,Nonvegetated,Natural,SNB20,,,,,0,0,
Barataria Bay Spring 2006,BBS-2006-026,Port Fourchon side,5/2/2006,2:43 PM,29.18653,90.20369,1,1,25,26,28.29999924,7.099999905,3.75999999,6.400000095,-999,85,86,82,83,84,Open Water,Nonvegetated,Nonvegetated,Natural,SNB5,,,,,0,0,
Barataria Bay Spring 2006,BBS-2006-027,Port Fourchon side,5/2/2006,3:24 PM,29.18492,90.20233,1,1,25,26,30.39999962,6.400000095,5.289999962,1.299999952,-999,25,30,23,27,27,Marsh,Vegetated,Spartina alterniflora,Natural,M1,,,,,245,100,Spartina alterniflora: 100%
Barataria Bay Spring 2006,BBS-2006-028,Port Fourchon side,5/2/2006,3:54 PM,29.18858,90.20341,1,1,25,27,29.20000076,6.599999905,4.679999828,1.399999976,-999,53,51,51,59,59,Open Water,Nonvegetated,Nonvegetated,Natural,SNB1,,,,,0,0,
Barataria Bay Spring 2006,BBS-2006-029,Port Fourchon side,5/2/2006,4:19 PM,29.18702,90.20657,1,1,25,27,29.39999962,5.300000191,13.89999962,0.899999976,-999,15,14,14,24,19,Marsh,Vegetated,Spartina alterniflora,Natural,M1,,,,,469,100,Spartina alterniflora: 70%; Distichilis spicata: 30%
Barataria Bay Spring 2006,BBS-2006-030,Port Fourchon side,5/2/2006,4:45 PM,29.1889,90.20844,1,1,25,26,29.20000076,7.300000191,13.30000019,1.200000048,-999,56,60,60,57,59,Open Water,Nonvegetated,Nonvegetated,Natural,SNB1,,,,,0,0,
Barataria Bay Spring 2006,BBS-2006-031,Port Fourchon side,5/3/2006,11:41 AM,29.198,90.2151,1,1,23,25,27.39999962,5.599999905,13.51000023,6.5,-999,78,79,81,85,86,Open Water,Nonvegetated,Nonvegetated,Natural,SNB5,,,,,0,0,
Barataria Bay Spring 2006,BBS-2006-032,Port Fourchon side,5/3/2006,12:07 PM,29.19472,90.21109,1,1,24,25,27.10000038,5.400000095,7.96999979,22.5,-999,77,77,80,80,80,Open Water,Nonvegetated,Nonvegetated,Natural,SNB20,,,,,0,0,
Barataria Bay Spring 2006,BBS-2006-033,Port Fourchon side,5/3/2006,12:37 PM,29.18945,90.21629,1,1,25,25,26.79999924,6.099999905,7.949999809,2.400000095,-999,52,54,51,53,48,Open Water,Nonvegetated,Nonvegetated,Natural,SNB1,,,,,0,0,
Barataria Bay Spring 2006,BBS-2006-034,Port Fourchon side,5/3/2006,1:31 PM,29.1845,90.21227,1,1,25,25,27.70000076,6.5,2.839999914,19.79999924,-999,92,92,93,93,92,Open Water,Nonvegetated,Nonvegetated,Natural,SNB20,,,,,0,0,
Barataria Bay Spring 2006,BBS-2006-035,Port Fourchon side,5/3/2006,1:58 PM,29.1799,90.21253,1,1,25,25,27,6.400000095,3.170000076,8.199999809,-999,82,87,80,86,86,Open Water,Nonvegetated,Nonvegetated,Natural,SNB5,,,,,0,0,
Barataria Bay Spring 2006,BBS-2006-036,Port Fourchon side,5/3/2006,2:23 PM,29.17863,90.21482,1,1,25,25,28.70000076,6.199999809,15.26000023,1.100000024,-999,21,20,20,20,20,Marsh,Vegetated,Spartina alterniflora,Natural,M1,,,,,178,70,70% vegetative cover composed of Spartina alterniflora: 95%; Salicornia virginica: 5%
Barataria Bay Spring 2006,BBS-2006-037,Port Fourchon side,5/3/2006,2:50 PM,29.17664,90.21191,1,1,24,25,28.10000038,7,0.100000001,19.10000038,-999,88,88,86,88,84,Open Water,Nonvegetated,Nonvegetated,Natural,SNB20,,,,,0,0,
Barataria Bay Spring 2006,BBS-2006-038,Port Fourchon side,5/3/2006,3:11 PM,29.17379,90.21477,1,1,24,25,27.79999924,7.099999905,25.10000038,5.800000191,-999,75,76,75,75,76,Open Water,Nonvegetated,Nonvegetated,Natural,SNB5,,,,,0,0,
Barataria Bay Spring 2006,BBS-2006-039,Port Fourchon side,5/3/2006,3:46 PM,29.17115,90.208,1,1,25,25,28.79999924,5.5,18.20000076,1.100000024,-999,25,23,25,21,28,Marsh,Vegetated,Spartina alterniflora,Natural,M1,,,,,118,60,
Barataria Bay Spring 2006,BBS-2006-040,Port Fourchon side,5/3/2006,4:09 PM,29.17005,90.21027,1,1,24,25,28.89999962,5.900000095,11.03999996,1.399999976,-999,44,48,48,50,49,Open Water,Nonvegetated,Nonvegetated,Natural,SNB1,,,,,0,0,
Barataria Bay Post-Katrina Fall 2005,KATBF-2005-01,Wisner Wildlife Mgmt area & Lake Palourde,10/11/2005,8:44 AM,29.22245,90.13057,1,1,21,24,24.70000076,3.700000048,35,1.200000048,-999,25,21,20,21,25,Marsh,Vegetated,Spartina alterniflora,Natural,M1,,,,,232,-999,
Barataria Bay Post-Katrina Fall 2005,KATBF-2005-02,Wisner Wildlife Mgmt area & Lake Palourde,10/11/2005,9:22 AM,29.22632,90.13109,1,1,21,24,24.29999924,1.299999952,23.5,3.200000048,-999,7,6,8,8,8,Marsh,Vegetated,Mixed Vegetation,Natural,M3,,,,,134,-999,Spartina alterniflora and Spartina patens
Barataria Bay Post-Katrina Fall 2005,KATBF-2005-03,Wisner Wildlife Mgmt area & Lake Palourde,10/11/2005,9:50 AM,29.22136,90.1358,1,1,20,24,25.20000076,3,19.79999924,1.299999952,-999,22,22,19,21,21,Marsh,Vegetated,Spartina alterniflora,Natural,M1,,,,,233,-999,
Barataria Bay Post-Katrina Fall 2005,KATBF-2005-04,Wisner Wildlife Mgmt area & Lake Palourde,10/11/2005,10:34 AM,29.21224,90.10522,1,1,23,24,26.70000076,3.099999905,46.59999847,3,-999,5,6,6,4,6,Marsh,Vegetated,Spartina sp.,Natural,M3,,,,,249,-999,
Barataria Bay Post-Katrina Fall 2005,KATBF-2005-05,Wisner Wildlife Mgmt area & Lake Palourde,10/11/2005,11:07 AM,29.2254,90.11035,1,1,23,24,26.5,4.400000095,35.70000076,0.800000012,-999,31,35,27,30,34,Open Water,Nonvegetated,Nonvegetated,Natural,SNB1,,,,,0,0,
Barataria Bay Post-Katrina Fall 2005,KATBF-2005-06,Wisner Wildlife Mgmt area & Lake Palourde,10/11/2005,11:29 AM,29.2272,90.10692,1,1,22,24,26.10000038,2.5,31,1.299999952,-999,32,34,36,38,33,Open Water,Nonvegetated,Nonvegetated,Natural,SNB1,,,,,0,0,
Barataria Bay Post-Katrina Fall 2005,KATBF-2005-07,Wisner Wildlife Mgmt area & Lake Palourde,10/11/2005,12:00 PM,29.23901,90.11417,1,1,21,25,27,5.800000191,32.40000153,0.800000012,-999,25,24,25,32,35,Open Water,Nonvegetated,Nonvegetated,Natural,SNB1,,,,,0,0,
Barataria Bay Post-Katrina Fall 2005,KATBF-2005-08,Wisner Wildlife Mgmt area & Lake Palourde,10/12/2005,8:05 AM,29.17608,90.15533,1,1,24,24,24.89999962,4.900000095,49.40000153,0.899999976,-999,47,47,45,46,47,Open Water,Nonvegetated,Nonvegetated,Natural,SNB1,,,,,0,0,
Barataria Bay Post-Katrina Fall 2005,KATBF-2005-09,Wisner Wildlife Mgmt area & Lake Palourde,10/12/2005,8:26 AM,29.16991,90.15631,1,1,25,26,25,5.300000191,21.20000076,0.800000012,-999,54,53,53,62,58,Open Water,Nonvegetated,Nonvegetated,Natural,SNB1,,,,,0,0,
Barataria Bay Post-Katrina Fall 2005,KATBF-2005-10,Wisner Wildlife Mgmt area & Lake Palourde,10/12/2005,8:46 AM,29.17045,90.15137,1,1,24,24,25,5.199999809,9.43999958,5.199999809,-999,27,27,27,28,25,Marsh,Vegetated,Spartina alterniflora,Natural,M5,,,,,229,0,
Barataria Bay Post-Katrina Fall 2005,KATBF-2005-11,Wisner Wildlife Mgmt area & Lake Palourde,10/12/2005,9:09 AM,29.17653,90.14677,1,1,24,24,24.89999962,5.5,9.229999542,2.900000095,-999,23,22,23,23,22,Marsh,Vegetated,Spartina alterniflora,Natural,M3,,,,,253,0,
Barataria Bay Post-Katrina Fall 2005,KATBF-2005-12,Wisner Wildlife Mgmt area & Lake Palourde,10/12/2005,9:37 AM,29.17465,90.15078,1,1,22,24,25.39999962,4.400000095,81.69999695,0.699999988,-999,16,18,15,16,17,Marsh,Vegetated,Mixed Vegetation,Natural,M1,,,,,462,-999,Spartina alterniflora and Salicornia lancifolia
Barataria Bay Post-Katrina Fall 2005,KATBF-2005-13,Wisner Wildlife Mgmt area & Lake Palourde,10/12/2005,10:10 AM,29.18431,90.14223,1,1,20,25,26.20000076,4.900000095,8.979999542,1.100000024,-999,29,24,27,23,21,Marsh,Vegetated,Spartina alterniflora,Natural,M1,,,,,151,0,
Barataria Bay Post-Katrina Fall 2005,KATBF-2005-14,Wisner Wildlife Mgmt area & Lake Palourde,10/12/2005,10:31 AM,29.18413,90.14134,1,1,22,24,26.29999924,5.300000191,23.5,0.899999976,-999,43,42,39,42,51,Open Water,Nonvegetated,Nonvegetated,Natural,SNB1,,,,,0,0,
Barataria Bay Post-Katrina Fall 2005,KATBF-2005-15,Wisner Wildlife Mgmt area & Lake Palourde,10/12/2005,11:27 AM,29.2255,90.10442,1,1,22,25,25.39999962,6.199999809,29.60000038,3,-999,6,7,5,4,5,Marsh,Vegetated,Spartina alterniflora,Natural,M3,,,,,192,0,
Barataria Bay Post-Katrina Fall 2005,KATBF-2005-16,Wisner Wildlife Mgmt area & Lake Palourde,10/12/2005,12:15 PM,29.19913,90.12605,1,1,20,24,27.5,4.599999905,98,0.699999988,-999,19,14,21,17,23,Marsh,Vegetated,Spartina alterniflora,Natural,M1,,,,,154,0,
Barataria Bay Post-Katrina Fall 2005,KATBF-2005-17,Wisner Wildlife Mgmt area & Lake Palourde,10/12/2005,12:38 PM,29.1979,90.12518,1,1,20,23,27.70000076,5.599999905,28.60000038,1,-999,33,32,36,37,32,Open Water,Nonvegetated,Nonvegetated,Natural,SNB1,,,,,0,0,
Barataria Bay Post-Katrina Fall 2005,KATBF-2005-18,Wisner Wildlife Mgmt area & Lake Palourde,10/12/2005,1:04 PM,29.19545,90.10612,1,1,24,24,27.29999924,4.900000095,37.29999924,0.800000012,-999,40,35,30,42,38,Open Water,Nonvegetated,Nonvegetated,Natural,SNB1,5% oyster bed,,,,0,0,
Barataria Bay Post-Katrina Fall 2005,KATBF-2005-19,Wisner Wildlife Mgmt area & Lake Palourde,10/12/2005,1:50 PM,29.23674,90.1398,1,1,20,19,29.10000038,4.800000191,158.5,0.699999988,-999,10,14,9,6,9,Marsh,Vegetated,Spartina alterniflora,Natural,M1,,,,,134,0,
Barataria Bay Post-Katrina Fall 2005,KATBF-2005-20,Wisner Wildlife Mgmt area & Lake Palourde,10/13/2005,7:54 AM,29.19028,90.09124,1,1,25,24,25,4.300000191,5.210000038,4.5,-999,15,15,15,17,13,Marsh,Vegetated,Spartina alterniflora,Natural,M5,,,,,157,0,
Barataria Bay Post-Katrina Fall 2005,KATBF-2005-21,Wisner Wildlife Mgmt area & Lake Palourde,10/13/2005,8:28 AM,29.20244,90.09647,1,1,25,24,25.29999924,5.300000191,36.59999847,3.299999952,-999,20,19,19,20,20,Marsh,Vegetated,Spartina alterniflora,Natural,M3,,,,,134,0,
Barataria Bay Post-Katrina Fall 2005,KATBF-2005-22,Wisner Wildlife Mgmt area & Lake Palourde,10/13/2005,9:00 AM,29.23234,90.10044,1,1,22,24,25.5,5.5,34.70000076,3,-999,6,6,6,6,6,Marsh,Vegetated,Spartina alterniflora,Natural,M3,,,,,165,0,
Barataria Bay Post-Katrina Fall 2005,KATBF-2005-23,Wisner Wildlife Mgmt area & Lake Palourde,10/13/2005,9:40 AM,29.24468,90.10709,1,1,21,-999,24.79999924,5.599999905,-999,4.800000191,-999,8,9,9,8,9,Marsh,Vegetated,Spartina alterniflora,Natural,M5,,,,,166,0,
Barataria Bay Post-Katrina Fall 2005,KATBF-2005-24,Wisner Wildlife Mgmt area & Lake Palourde,10/13/2005,10:35 AM,29.25288,90.12847,1,1,20,24,26.5,4.300000191,41,3.099999905,-999,9,9,9,9,10,Marsh,Vegetated,Spartina alterniflora,Natural,M3,,,,,186,0,
Barataria Bay Post-Katrina Fall 2005,KATBF-2005-25,Wisner Wildlife Mgmt area & Lake Palourde,10/13/2005,10:59 AM,29.24541,90.13242,1,1,20,24,26.70000076,5.800000191,30.10000038,0.699999988,-999,51,47,55,44,49,Open Water,Nonvegetated,Nonvegetated,Natural,SNB1,,,,,0,0,
Barataria Bay Post-Katrina Fall 2005,KATBF-2005-26,Wisner Wildlife Mgmt area & Lake Palourde,10/13/2005,11:28 AM,29.25325,90.11683,1,1,21,24,26.39999962,5.699999809,149.8999939,1.299999952,-999,20,21,18,21,21,Marsh,Vegetated,Spartina alterniflora,Natural,M1,,,,,85,0,
Barataria Bay Post-Katrina Fall 2005,KATBF-2005-27,Wisner Wildlife Mgmt area & Lake Palourde,10/13/2005,12:36 PM,29.24125,90.15188,1,1,19,24,28.20000076,6.800000191,15.60000038,3.200000048,-999,18,14,16,14,12,Marsh,Vegetated,Spartina alterniflora,Natural,M3,,,,,90,0,
Barataria Bay Post-Katrina Fall 2005,KATBF-2005-28,Wisner Wildlife Mgmt area & Lake Palourde,10/13/2005,1:12 PM,29.22221,90.16418,1,1,20,24,29.5,4.900000095,266,1,-999,10,10,9,8,9,Marsh,Vegetated,Spartina alterniflora,Natural,M1,,,,,246,0,
Barataria Bay Post-Katrina Fall 2005,KATBF-2005-29,Wisner Wildlife Mgmt area & Lake Palourde,10/13/2005,2:00 PM,29.25503,90.16418,1,1,20,24,28.20000076,5.900000095,75.69999695,3,-999,9,8,6,9,9,Marsh,Vegetated,Spartina alterniflora,Natural,M3,,,,,164,0,
Barataria Bay Post-Katrina Fall 2005,KATBF-2005-30,Wisner Wildlife Mgmt area & Lake Palourde,10/13/2005,2:26 PM,29.2514,90.16429,1,1,20,24,28.70000076,4.699999809,28.20000076,1.200000048,-999,33,32,33,38,42,Open Water,Nonvegetated,Nonvegetated,Natural,SNB1,,,,,0,0,
Barataria Bay Post-Katrina Fall 2005,KATBF-2005-31,Wisner Wildlife Mgmt area & Lake Palourde,10/13/2005,2:56 PM,29.23553,90.17008,1,1,20,24,25.20000076,5.800000191,15.5,2.700000048,-999,4,6,5,4,3,Marsh,Vegetated,Mixed Vegetation,Natural,M3,,,,,658,-999,Spartina alterniflora and Spartina patens
Barataria Bay Post-Katrina Fall 2005,KATBF-2005-32,Wisner Wildlife Mgmt area & Lake Palourde,10/13/2005,3:36 PM,29.23118,90.16435,1,1,20,24,29.20000076,4.300000191,75.59999847,1.100000024,-999,14,14,16,15,16,Marsh,Vegetated,Spartina alterniflora,Natural,M1,,,,,188,-999,
Barataria Bay Post-Katrina Fall 2005,KATBF-2005-33,Wisner Wildlife Mgmt area & Lake Palourde,10/11/2005,9:00 AM,29.22946,90.08542,1,1,24,26,24.39999962,5.400000095,41.5,50,-999,51,51,51,54,49,Open Water,Nonvegetated,Nonvegetated,Natural,SNB50,,,,,0,0,
Barataria Bay Post-Katrina Fall 2005,KATBF-2005-34,Wisner Wildlife Mgmt area & Lake Palourde,10/11/2005,9:43 AM,29.21578,90.10554,1,1,24,25,24.60000038,6.199999809,97.90000153,22,-999,97,97,97,97,97,Open Water,Nonvegetated,Nonvegetated,Natural,SNB20,,,,,0,0,
Barataria Bay Post-Katrina Fall 2005,KATBF-2005-35,Wisner Wildlife Mgmt area & Lake Palourde,10/11/2005,10:17 AM,29.21192,90.11297,1,1,24,25,25.20000076,4.5,85.09999847,49,-999,102,105,104,102,110,Open Water,Nonvegetated,Nonvegetated,Natural,SNB50,,,,,0,0,
Barataria Bay Post-Katrina Fall 2005,KATBF-2005-36,Wisner Wildlife Mgmt area & Lake Palourde,10/11/2005,10:46 AM,29.22354,90.10388,1,1,23,25,25.70000076,6,129.5,4.800000191,-999,60,61,63,61,64,Open Water,Nonvegetated,Nonvegetated,Natural,SNB5,,,,,0,0,
Barataria Bay Post-Katrina Fall 2005,KATBF-2005-37,Wisner Wildlife Mgmt area & Lake Palourde,10/11/2005,11:16 AM,29.20528,90.1034,1,1,24,24,25.70000076,5.300000191,49.29999924,18,-999,70,70,74,74,69,Open Water,Nonvegetated,Nonvegetated,Natural,SNB20,,,,,0,0,
Barataria Bay Post-Katrina Fall 2005,KATBF-2005-38,Wisner Wildlife Mgmt area & Lake Palourde,10/11/2005,11:39 AM,29.20218,90.10664,1,1,24,25,26,5.5,138.3000031,47,-999,63,63,63,64,68,Open Water,Nonvegetated,Nonvegetated,Natural,SNB50,,,,,0,0,
Barataria Bay Post-Katrina Fall 2005,KATBF-2005-39,Wisner Wildlife Mgmt area & Lake Palourde,10/11/2005,12:32 PM,29.1917,90.10332,1,1,24,26,26.60000038,5.599999905,53.79999924,52,-999,120,120,116,118,118,Open Water,Nonvegetated,Nonvegetated,Natural,SNB50,,,,,0,0,
Barataria Bay Post-Katrina Fall 2005,KATBF-2005-40,Wisner Wildlife Mgmt area & Lake Palourde,10/11/2005,1:01 PM,29.18674,90.09893,1,1,25,25,27.20000076,5,61.40000153,5.400000095,-999,68,65,64,63,68,Open Water,Nonvegetated,Nonvegetated,Natural,SNB5,,,,,0,0,
Barataria Bay Post-Katrina Fall 2005,KATBF-2005-41,Wisner Wildlife Mgmt area & Lake Palourde,10/12/2005,7:54 AM,29.21847,90.13366,1,1,23,24,24.89999962,3.900000095,27,52,-999,91,92,91,91,91,Open Water,Nonvegetated,Nonvegetated,Natural,SNB50,,,,,0,0,
Barataria Bay Post-Katrina Fall 2005,KATBF-2005-42,Wisner Wildlife Mgmt area & Lake Palourde,10/12/2005,8:22 AM,29.20574,90.12735,1,1,24,25,24.70000076,3.799999952,115.5999985,47,-999,93,93,90,90,91,Open Water,Nonvegetated,Nonvegetated,Natural,SNB50,,,,,0,0,
Barataria Bay Post-Katrina Fall 2005,KATBF-2005-43,Wisner Wildlife Mgmt area & Lake Palourde,10/12/2005,9:38 AM,29.20069,90.13026,1,1,24,25,25.89999962,4.400000095,201,5.800000191,-999,58,58,58,59,60,Open Water,Nonvegetated,Nonvegetated,Natural,SNB5,,,,,0,0,
Barataria Bay Post-Katrina Fall 2005,KATBF-2005-44,Wisner Wildlife Mgmt area & Lake Palourde,10/12/2005,10:08 AM,29.21099,90.13754,1,1,23,25,26.20000076,4.400000095,304,4.800000191,-999,55,53,53,56,55,Open Water,Nonvegetated,Nonvegetated,Natural,SNB5,,,,,0,0,
Barataria Bay Post-Katrina Fall 2005,KATBF-2005-45,Wisner Wildlife Mgmt area & Lake Palourde,10/12/2005,10:35 AM,29.19306,90.14418,1,1,23,25,25.89999962,4.900000095,122,18,-999,90,90,90,89,89,Open Water,Nonvegetated,Nonvegetated,Natural,SNB20,,,,,0,0,
Barataria Bay Post-Katrina Fall 2005,KATBF-2005-46,Wisner Wildlife Mgmt area & Lake Palourde,10/12/2005,11:15 AM,29.19313,90.172,1,1,24,25,26.20000076,4.900000095,54.59999847,22,-999,93,89,93,93,85,Open Water,Nonvegetated,Nonvegetated,Natural,SNB20,,,,,0,0,
Barataria Bay Post-Katrina Fall 2005,KATBF-2005-47,Wisner Wildlife Mgmt area & Lake Palourde,10/12/2005,11:44 AM,29.19244,90.16074,1,1,24,25,26.79999924,4.800000191,38.40000153,5.199999809,-999,77,77,77,76,76,Open Water,Nonvegetated,Nonvegetated,Natural,SNB5,,,,,0,0,
Barataria Bay Post-Katrina Fall 2005,KATBF-2005-48,Wisner Wildlife Mgmt area & Lake Palourde,10/12/2005,12:40 PM,29.18621,90.15765,1,1,24,25,27,5.199999809,23.20000076,4.699999809,-999,50,50,50,50,50,Open Water,Nonvegetated,Nonvegetated,Natural,SNB5,,,,,0,0,
Barataria Bay Post-Katrina Fall 2005,KATBF-2005-49,Wisner Wildlife Mgmt area & Lake Palourde,10/12/2005,1:04 PM,29.17723,90.16903,1,1,24,25,28,4.900000095,20.20000076,22,-999,59,59,59,57,57,Open Water,Nonvegetated,Nonvegetated,Natural,SNB20,,,,,0,0,
Barataria Bay Post-Katrina Fall 2005,KATBF-2005-50,Wisner Wildlife Mgmt area & Lake Palourde,10/12/2005,1:41 PM,29.16817,90.17614,1,1,26,27,28.29999924,5.699999809,38.90000153,53,-999,72,74,77,74,72,Open Water,Nonvegetated,Nonvegetated,Natural,SNB50,,,,,0,0,
Barataria Bay Post-Katrina Fall 2005,KATBF-2005-51,Wisner Wildlife Mgmt area & Lake Palourde,10/13/2005,7:42 AM,29.2033,90.15488,1,1,26,26,25.70000076,3.900000095,179.6000061,5.400000095,-999,47,47,48,50,46,Open Water,Nonvegetated,Nonvegetated,Natural,SNB5,,,,,0,0,
Barataria Bay Post-Katrina Fall 2005,KATBF-2005-52,Wisner Wildlife Mgmt area & Lake Palourde,10/13/2005,8:08 AM,29.21716,90.16557,1,1,23,25,25.29999924,3.900000095,107.1999969,18,-999,74,74,74,74,75,Open Water,Nonvegetated,Nonvegetated,Natural,SNB20,,,,,0,0,
Barataria Bay Post-Katrina Fall 2005,KATBF-2005-53,Wisner Wildlife Mgmt area & Lake Palourde,10/13/2005,8:55 AM,29.22996,90.17039,1,1,22,24,25.70000076,4,28.60000038,48,-999,98,97,100,100,100,Open Water,Nonvegetated,Nonvegetated,Natural,SNB50,,,,,0,0,
Barataria Bay Post-Katrina Fall 2005,KATBF-2005-54,Wisner Wildlife Mgmt area & Lake Palourde,10/13/2005,9:26 AM,29.24153,90.15321,1,1,22,25,25.20000076,3,125.9000015,21,-999,84,84,84,84,84,Open Water,Nonvegetated,Nonvegetated,Natural,SNB20,,,,,0,0,
Barataria Bay Post-Katrina Fall 2005,KATBF-2005-55,Wisner Wildlife Mgmt area & Lake Palourde,10/13/2005,9:54 AM,29.25535,90.13161,1,1,22,24,26.10000038,4.400000095,76.30000305,51,-999,104,104,104,105,105,Open Water,Nonvegetated,Nonvegetated,Natural,SNB50,,,,,0,0,
Barataria Bay Post-Katrina Fall 2005,KATBF-2005-56,Wisner Wildlife Mgmt area & Lake Palourde,10/13/2005,10:20 AM,29.25319,90.11965,1,1,22,24,25.29999924,4.400000095,129,5.5,-999,60,60,60,60,60,Open Water,Nonvegetated,Nonvegetated,Natural,SNB5,,,,,0,0,
Barataria Bay Post-Katrina Fall 2005,KATBF-2005-57,Wisner Wildlife Mgmt area & Lake Palourde,10/13/2005,10:40 AM,29.24959,90.11759,1,1,23,24,25.39999962,4,153.5,17,-999,80,80,84,81,80,Open Water,Nonvegetated,Nonvegetated,Natural,SNB20,,,,,0,0,
Barataria Bay Post-Katrina Fall 2005,KATBF-2005-58,Wisner Wildlife Mgmt area & Lake Palourde,10/13/2005,11:04 AM,29.24713,90.11728,1,1,22,24,26.60000038,5.599999905,81.80000305,7.300000191,-999,53,54,55,55,56,Open Water,Nonvegetated,Nonvegetated,Natural,SNB5,,,,,0,0,
Barataria Bay Post-Katrina Fall 2005,KATBF-2005-59,Wisner Wildlife Mgmt area & Lake Palourde,10/13/2005,11:25 AM,29.24991,90.11023,1,1,22,23,26.60000038,5.900000095,216,18,-999,59,60,61,62,61,Open Water,Nonvegetated,Nonvegetated,Natural,SNB20,,,,,0,0,
Barataria Bay Post-Katrina Fall 2005,KATBF-2005-60,Wisner Wildlife Mgmt area & Lake Palourde,10/13/2005,11:45 AM,29.25512,90.114,1,1,23,24,27,6,23.79999924,17,-999,86,86,86,86,86,Open Water,Nonvegetated,Nonvegetated,Natural,SNB20,,,,,0,0,
Barataria Bay Post-Katrina Fall 2005,KATBF-2005-61,Wisner Wildlife Mgmt area & Lake Palourde,10/13/2005,12:41 PM,29.25385,90.16833,1,1,21,23,28,4.099999905,29,4.800000191,-999,56,56,57,54,53,Open Water,Nonvegetated,Nonvegetated,Natural,SNB5,,,,,0,0,
Barataria Bay Post-Katrina Fall 2005,KATBF-2005-62,Wisner Wildlife Mgmt area & Lake Palourde,10/13/2005,1:14 PM,29.25305,90.16332,1,1,21,23,27.70000076,5.699999809,28.60000038,47,-999,83,81,83,83,83,Open Water,Nonvegetated,Nonvegetated,Natural,SNB50,,,,,0,0,
Barataria Bay Post-Katrina Fall 2005,KATBF-2005-63,Wisner Wildlife Mgmt area & Lake Palourde,10/13/2005,4:05 PM,29.23984,90.16003,1,1,20,24,29.70000076,6,84.09999847,0.800000012,-999,16,19,16,18,19,Marsh,Vegetated,Spartina alterniflora,Natural,M1,This station changed to Stn 63 from Stn 33; Stn 33 was a duplicate station,,,,73,0,
Barataria Bay RC Pre-Katrina Spring 2005,KATBS-2005-01,Wisner Wildlife Mgmt area,4/26/2005,9:05 AM,29.2417,-90.1733,1,1,20,20,20.79999924,6.400000095,47,1,-999,14,14,13,13,10,Marsh,Vegetated,Spartina alterniflora,Natural,M1,,,,,172,-999,
Barataria Bay RC Pre-Katrina Spring 2005,KATBS-2005-02,Wisner Wildlife Mgmt area,4/26/2005,9:45 AM,29.2467,-90.1758,1,1,19,21,21.10000038,7,60.20000076,3.599999905,-999,12,11,14,13,14,Marsh,Vegetated,Spartina alterniflora,Natural,M3,,,,,261,-999,
Barataria Bay RC Pre-Katrina Spring 2005,KATBS-2005-03,Wisner Wildlife Mgmt area,4/26/2005,10:30 AM,29.2354,-90.168,1,1,20,20,21.29999924,7,37.5,3.099999905,-999,12,15,14,8,13,Marsh,Vegetated,Spartina alterniflora,Natural,M3,,,,,165,-999,
Barataria Bay RC Pre-Katrina Spring 2005,KATBS-2005-04,Wisner Wildlife Mgmt area,4/26/2005,10:53 AM,29.2327,-90.1641,1,1,21,22,21.70000076,7.5,35.20000076,0.800000012,-999,18,19,15,16,14,Marsh,Vegetated,Spartina alterniflora,Natural,M1,,,,,197,-999,
Barataria Bay RC Pre-Katrina Spring 2005,KATBS-2005-05,Wisner Wildlife Mgmt area,4/26/2005,11:25 AM,29.2408,-90.1624,1,1,20,20,21.70000076,6.300000191,60.09999847,3.400000095,-999,15,18,23,18,15,Marsh,Vegetated,Spartina alterniflora,Natural,M3,,,,,312,-999,
Barataria Bay RC Pre-Katrina Spring 2005,KATBS-2005-06,Wisner Wildlife Mgmt area,4/26/2005,12:44 PM,29.2523,-90.1429,1,1,21,22,21.70000076,6,163.3999939,3.5,-999,13,15,14,12,15,Marsh,Vegetated,Spartina alterniflora,Natural,M3,,,,,300,-999,
Barataria Bay RC Pre-Katrina Spring 2005,KATBS-2005-07,Wisner Wildlife Mgmt area,4/26/2005,1:20 PM,29.2331,-90.1368,1,1,24,22,22.10000038,7,176,0.899999976,-999,5,4,3,4,9,Marsh,Vegetated,Spartina alterniflora,Natural,M1,,,,,261,-999,
Barataria Bay RC Pre-Katrina Spring 2005,KATBS-2005-08,Wisner Wildlife Mgmt area,4/26/2005,1:48 PM,29.2345,-90.13,1,1,22,22,22.29999924,7,210,0.600000024,-999,11,14,10,10,14,Marsh,Vegetated,Spartina alterniflora,Natural,M1,,,,,182,-999,
Barataria Bay RC Pre-Katrina Spring 2005,KATBS-2005-09,Wisner Wildlife Mgmt area,4/26/2005,2:30 PM,29.2462,-90.1014,1,1,22,21,24.5,6,159.6999969,2.700000048,-999,18,17,14,16,16,Marsh,Vegetated,Spartina alterniflora,Natural,M3,,,,,277,-999,
Barataria Bay RC Pre-Katrina Spring 2005,KATBS-2005-10,Wisner Wildlife Mgmt area,4/26/2005,3:30 PM,29.2501,-90.1127,1,1,22,21,22.89999962,6.199999809,470,0.800000012,-999,14,9,9,13,13,Marsh,Vegetated,Spartina alterniflora,Natural,M1,,,,,207,-999,
Barataria Bay RC Pre-Katrina Spring 2005,KATBS-2005-11,Wisner Wildlife Mgmt area,4/27/2005,11:58 AM,29.2164,-90.1328,1,1,24,21,23.10000038,9.699999809,69.90000153,1,-999,50,61,50,46,40,Open water,Nonvegetated,Nonvegetated,Natural,SNB1,Cutbank; marsh flooded,,,,0,0,
Barataria Bay RC Pre-Katrina Spring 2005,KATBS-2005-12,Wisner Wildlife Mgmt area,4/27/2005,12:20 PM,29.2054,-90.1208,1,1,25,25,23.70000076,7.900000095,39.79999924,0.800000012,-999,50,51,48,48,49,Open water,Nonvegetated,Nonvegetated,Natural,SNB1,Cutbank; marsh flooded,,,,0,0,
Barataria Bay RC Pre-Katrina Spring 2005,KATBS-2005-13,Wisner Wildlife Mgmt area,4/27/2005,1:12 PM,29.1979,-90.118,1,1,24,24,24.29999924,6.800000191,117.8000031,0.600000024,-999,39,43,41,28,30,Open water,Nonvegetated,Nonvegetated,Natural,SNB1,Marsh flooded; gradual bank slope,,,,0,-999,Trace of Ruppia maritima
Barataria Bay RC Pre-Katrina Spring 2005,KATBS-2005-14,Wisner Wildlife Mgmt area,4/27/2005,1:48 PM,29.1824,-90.1121,1,1,24,24,26.29999924,9,55.29999924,1.100000024,-999,29,31,27,29,35,Open water,Nonvegetated,Nonvegetated,Natural,SNB1,Marsh flooded; gradual bank slope,,,,0,0,
Barataria Bay RC Pre-Katrina Spring 2005,KATBS-2005-15,Wisner Wildlife Mgmt area,4/27/2005,2:18 PM,29.1743,-90.1361,1,1,26,25,24.20000076,12,65.40000153,0.899999976,-999,37,38,37,37,32,Open water,Nonvegetated,Nonvegetated,Natural,SNB1,Marsh flooded; gradual bank slope,,,,0,0,
Barataria Bay RC Pre-Katrina Spring 2005,KATBS-2005-16,Wisner Wildlife Mgmt area,4/27/2005,3:10 PM,29.2064,-90.1454,1,1,23,20,24.79999924,7.800000191,73.30000305,1.100000024,-999,50,52,47,50,51,Open water,Nonvegetated,Nonvegetated,Natural,SNB1,Cutbank; marsh flooded,,,,0,0,
Barataria Bay RC Pre-Katrina Spring 2005,KATBS-2005-17,Wisner Wildlife Mgmt area,4/27/2005,3:36 PM,29.2038,-90.1454,1,1,26,24,24.79999924,7.699999809,46.90000153,1,-999,56,53,59,57,60,Open water,Nonvegetated,Nonvegetated,Natural,SNB1,Cutbank; marsh flooded,,,,-999,-999,No plant biomass information
Barataria Bay RC Pre-Katrina Spring 2005,KATBS-2005-18,Wisner Wildlife Mgmt area,4/27/2005,3:58 PM,29.2036,-90.1444,1,1,24,24,26.60000038,10.5,283,1.299999952,-999,8,9,9,11,9,Marsh,Vegetated,Spartina alterniflora,Natural,M1,,,,,367,-999,
Barataria Bay RC Pre-Katrina Spring 2005,KATBS-2005-19,Wisner Wildlife Mgmt area,4/27/2005,4:25 PM,29.2021,-90.1431,1,1,23,22,25.89999962,5.800000191,763,3.700000048,-999,10,7,8,6,9,Marsh,Vegetated,Spartina alterniflora,Natural,M3,,,,,354,-999,
Barataria Bay RC Pre-Katrina Spring 2005,KATBS-2005-20,Wisner Wildlife Mgmt area,4/27/2005,4:58 PM,29.1986,-90.1488,1,1,23,21,24.89999962,4.900000095,256,3.5,-999,8,5,6,6,6,Marsh,Vegetated,Spartina alterniflora,Natural,M3,,,,,289,-999,
Barataria Bay RC Pre-Katrina Spring 2005,KATBS-2005-21,Wisner Wildlife Mgmt area,4/27/2005,5:53 PM,29.2879,-90.1061,1,1,25,24,24.89999962,6.699999809,844,0.699999988,-999,5,4,8,6,5,Marsh,Vegetated,Spartina alterniflora,Natural,M1,,,,,312,-999,
Barataria Bay RC Pre-Katrina Spring 2005,KATBS-2005-22,Wisner Wildlife Mgmt area,4/28/2005,1:20 PM,29.2183,-90.1819,1,1,19,21,26.5,7.800000191,188,0.899999976,-999,35,34,30,28,28,Open water,Nonvegetated,Nonvegetated,Natural,SNB1,,,,,0,0,
Barataria Bay RC Pre-Katrina Spring 2005,KATBS-2005-23,Wisner Wildlife Mgmt area,4/28/2005,2:14 PM,29.18,-90.1589,1,1,26,-999,25.79999924,7.199999809,-999,1.100000024,-999,8,9,16,12,9,Marsh,Vegetated,Spartina alterniflora,Natural,M1,Gradual bank slope,,,,313,-999,
Barataria Bay RC Pre-Katrina Spring 2005,KATBS-2005-24,Wisner Wildlife Mgmt area,4/28/2005,3:50 PM,29.2443,-90.1095,1,1,20,24,25.5,6.599999905,157.1999969,3.200000048,-999,22,22,22,24,22,Marsh,Vegetated,Spartina alterniflora,Natural,M3,Gradual bank slope,,,,139,-999,
Barataria Bay RC Pre-Katrina Spring 2005,KATBS-2005-25,Wisner Wildlife Mgmt area,4/28/2005,4:42 PM,29.2049,-90.0882,1,1,24,25,27.29999924,5.900000095,86.09999847,2.599999905,-999,5,10,6,11,7,Marsh,Vegetated,Spartina alterniflora,Natural,M3,,,,,196,-999,
Barataria Bay RC Pre-Katrina Spring 2005,KATBS-2005-26,Wisner Wildlife Mgmt area,4/28/2005,5:15 PM,29.1985,-90.0972,1,1,23,25,27.60000038,7.400000095,219,1.100000024,-999,14,15,14,11,11,Marsh,Vegetated,Spartina alterniflora,Natural,M1,Gradual bank slope; broken marsh,,,,291,-999,
Barataria Bay RC Pre-Katrina Spring 2005,KATBS-2005-27,Wisner Wildlife Mgmt area,4/29/2005,1:40 PM,29.1742,-90.1524,1,1,22,24,26.79999924,6.800000191,28.39999962,0.699999988,-999,10,13,13,18,16,Marsh,Vegetated,Spartina alterniflora,Natural,M1,Gradual bank slope,,,,259,-999,
Barataria Bay RC Pre-Katrina Spring 2005,KATBS-2005-28,Wisner Wildlife Mgmt area,4/29/2005,2:05 PM,29.1751,-90.1525,1,1,25,24,26.70000076,6.199999809,51.09999847,2.700000048,-999,4,4,7,5,5,Marsh,Vegetated,Spartina alterniflora,Natural,M3,Gradual bank slope,,,,283,-999,
Barataria Bay RC Pre-Katrina Spring 2005,KATBS-2005-29,Wisner Wildlife Mgmt area,4/29/2005,2:35 PM,29.176,-90.1534,1,1,22,23,28.39999962,6.300000191,39,4.900000095,-999,5,8,5,5,4,Marsh,Vegetated,Spartina alterniflora,Natural,M5,Gradual bank slope,,,,290,-999,
Barataria Bay RC Pre-Katrina Spring 2005,KATBS-2005-30,Wisner Wildlife Mgmt area,4/29/2005,3:26 PM,29.2238,-90.15,1,1,22,24,27.20000076,6.199999809,90.30000305,1,-999,53,57,48,47,56,Open water,Nonvegetated,Nonvegetated,Natural,SNB1,Marsh flooded; gradual bank slope,,,,0,0,
Barataria Bay RC Pre-Katrina Spring 2005,KATBS-2005-31,Wisner Wildlife Mgmt area,4/29/2005,4:00 PM,29.2262,-90.1525,1,1,22,24,27.60000038,4.900000095,77.30000305,5,-999,15,12,10,12,11,Marsh,Vegetated,Spartina alterniflora,Natural,M5,15 cm cutbank,,,,335,-999,
Barataria Bay RC Pre-Katrina Spring 2005,KATBS-2005-32,Wisner Wildlife Mgmt area,4/29/2005,4:38 PM,29.2254,-90.18,1,1,21,23,26.29999924,5.800000191,70.59999847,5.099999905,-999,15,13,14,13,13,Marsh,Vegetated,Spartina alterniflora,Natural,M5,Cutbank,,,,313,-999,
Barataria Bay RC Pre-Katrina Spring 2005,KATBS-2005-33,Wisner Wildlife Mgmt area,4/26/2005,9:50 AM,29.2126,-90.0765,1,1,25,23,20.89999962,6.599999905,136,73,-999,99,100,100,100,100,Open water,Nonvegetated,Nonvegetated,Natural,SNB50,See comment below for sample #60,,,,0,0,
Barataria Bay RC Pre-Katrina Spring 2005,KATBS-2005-34,Wisner Wildlife Mgmt area,4/26/2005,11:21 AM,29.2315,-90.0984,1,1,21,22,21.39999962,7.699999809,176,5.5,-999,72,62,68,65,62,Open water,Nonvegetated,Nonvegetated,Natural,SNB5,,,,,0,0,
Barataria Bay RC Pre-Katrina Spring 2005,KATBS-2005-35,Wisner Wildlife Mgmt area,4/26/2005,12:08 PM,29.2168,-90.1037,1,1,22,23,22.10000038,7,272,46,-999,64,68,70,69,69,Open water,Nonvegetated,Nonvegetated,Natural,SNB50,,,,,0,0,
Barataria Bay RC Pre-Katrina Spring 2005,KATBS-2005-36,Wisner Wildlife Mgmt area,4/26/2005,1:43 PM,29.2164,-90.1191,1,1,21,24,21.70000076,6.800000191,396,22,-999,103,103,106,107,104,Open water,Nonvegetated,Nonvegetated,Natural,SNB20,,,,,0,0,
Barataria Bay RC Pre-Katrina Spring 2005,KATBS-2005-37,Wisner Wildlife Mgmt area,4/26/2005,2:29 PM,29.2224,-90.1277,1,1,20,20,22.60000038,8,99.19999695,22,-999,75,75,75,75,75,Open water,Nonvegetated,Nonvegetated,Natural,SNB20,,,,,0,0,
Barataria Bay RC Pre-Katrina Spring 2005,KATBS-2005-38,Wisner Wildlife Mgmt area,4/26/2005,3:01 PM,29.2256,-90.1343,1,1,20,22,22.89999962,7.400000095,124,1,-999,35,38,38,39,40,Open water,Nonvegetated,Nonvegetated,Natural,SNB1,,,,,0,0,
Barataria Bay RC Pre-Katrina Spring 2005,KATBS-2005-39,Wisner Wildlife Mgmt area,4/26/2005,3:53 PM,29.2383,-90.1335,1,1,19,23,23.89999962,5.900000095,177,4.300000191,-999,40,42,42,44,42,Open water,Nonvegetated,Nonvegetated,Natural,SNB5,,,,,0,0,
Barataria Bay RC Pre-Katrina Spring 2005,KATBS-2005-40,Wisner Wildlife Mgmt area,4/27/2005,11:55 AM,29.2095,-90.1291,1,1,20,24,22.70000076,6.699999809,82.69999695,51,-999,140,140,140,140,140,Open water,Nonvegetated,Nonvegetated,Natural,SNB50,,,,,0,0,
Barataria Bay RC Pre-Katrina Spring 2005,KATBS-2005-41,Wisner Wildlife Mgmt area,4/27/2005,1:02 PM,29.1844,-90.1112,1,1,20,24,22.89999962,6.099999905,318,47,-999,138,136,136,138,135,Open water,Nonvegetated,Nonvegetated,Natural,SNB50,,,,,0,0,
Barataria Bay RC Pre-Katrina Spring 2005,KATBS-2005-42,Wisner Wildlife Mgmt area,4/27/2005,1:50 PM,29.1914,-90.1381,1,1,20,24,23.10000038,6.400000095,94.59999847,53,-999,140,140,140,140,140,Open water,Nonvegetated,Nonvegetated,Natural,SNB50,,,,,0,0,
Barataria Bay RC Pre-Katrina Spring 2005,KATBS-2005-43,Wisner Wildlife Mgmt area,4/27/2005,2:35 PM,29.1752,-90.177,1,1,20,23,25.20000076,6.400000095,133.8000031,22,-999,70,73,75,76,77,Open water,Nonvegetated,Nonvegetated,Natural,SNB20,,,,,0,0,
Barataria Bay RC Pre-Katrina Spring 2005,KATBS-2005-44,Wisner Wildlife Mgmt area,4/27/2005,3:17 PM,29.1711,-90.1793,1,1,18,22,25.70000076,7,136,20,-999,76,76,77,78,78,Open water,Nonvegetated,Nonvegetated,Natural,SNB20,,,,,0,0,
Barataria Bay RC Pre-Katrina Spring 2005,KATBS-2005-45,Wisner Wildlife Mgmt area,4/27/2005,3:48 PM,29.1812,-90.1798,1,1,16,22,26.10000038,7.099999905,281,51,-999,74,75,76,76,77,Open water,Nonvegetated,Nonvegetated,Natural,SNB50,,,,,0,0,
Barataria Bay RC Pre-Katrina Spring 2005,KATBS-2005-46,Wisner Wildlife Mgmt area,4/27/2005,5:04 PM,29.1888,-90.1737,1,1,19,21,26,6.5,183,6.699999809,-999,72,73,77,77,74,Open water,Nonvegetated,Nonvegetated,Natural,SNB5,,,,,0,-999,Some SAV present: Ruppia
Barataria Bay RC Pre-Katrina Spring 2005,KATBS-2005-47,Wisner Wildlife Mgmt area,4/27/2005,6:07 PM,29.2507,-90.1152,1,1,19,21,25.29999924,7,466,54,-999,92,96,97,98,98,Open water,Nonvegetated,Nonvegetated,Natural,SNB50,,,,,0,0,
Barataria Bay RC Pre-Katrina Spring 2005,KATBS-2005-48,Wisner Wildlife Mgmt area,4/28/2005,12:12 PM,29.2553,-90.1194,1,1,18,19,23.39999962,5.599999905,232,19,-999,90,90,98,92,90,Open water,Nonvegetated,Nonvegetated,Natural,SNB20,,,,,0,0,
Barataria Bay RC Pre-Katrina Spring 2005,KATBS-2005-49,Wisner Wildlife Mgmt area,4/28/2005,12:49 PM,29.2534,-90.1067,1,1,18,19,24.39999962,6.199999809,257,6,-999,33,33,34,34,35,Open water,Nonvegetated,Nonvegetated,Natural,SNB5,,,,,0,0,
Barataria Bay RC Pre-Katrina Spring 2005,KATBS-2005-50,Wisner Wildlife Mgmt area,4/28/2005,1:15 PM,29.2433,-90.1055,1,1,19,20,25.70000076,6.800000191,54.59999847,19,-999,49,50,51,51,53,Open water,Nonvegetated,Nonvegetated,Natural,SNB20,,,,,0,0,
Barataria Bay RC Pre-Katrina Spring 2005,KATBS-2005-51,Wisner Wildlife Mgmt area,4/28/2005,1:34 PM,29.2478,-90.1164,1,1,20,21,25.20000076,6.300000191,425,7,-999,50,50,49,47,50,Open water,Nonvegetated,Nonvegetated,Natural,SNB5,Lots of oyster,,,,0,0,
Barataria Bay RC Pre-Katrina Spring 2005,KATBS-2005-52,Wisner Wildlife Mgmt area,4/28/2005,1:56 PM,29.242,-90.1212,1,1,17,21,24.70000076,6.400000095,312,5,-999,48,50,50,51,53,Open water,Nonvegetated,Nonvegetated,Natural,SNB5,,,,,0,0,
Barataria Bay RC Pre-Katrina Spring 2005,KATBS-2005-53,Wisner Wildlife Mgmt area,4/28/2005,2:25 PM,29.2236,-90.1211,1,1,19,24,24.79999924,6.5,391,48,-999,105,105,106,106,107,Open water,Nonvegetated,Nonvegetated,Natural,SNB50,,,,,0,-999,Some SAV present: Ruppia
Barataria Bay RC Pre-Katrina Spring 2005,KATBS-2005-54,Wisner Wildlife Mgmt area,4/28/2005,3:26 PM,29.2028,-90.1417,1,1,21,23,26.39999962,6.599999905,541,21,-999,68,68,70,70,67,Open water,Nonvegetated,Nonvegetated,Natural,SNB20,,,,,0,0,
Barataria Bay RC Pre-Katrina Spring 2005,KATBS-2005-55,Wisner Wildlife Mgmt area,4/28/2005,4:12 PM,29.1859,-90.1497,1,1,20,24,27.5,6.599999905,410,4.5,-999,58,60,52,63,65,Open water,Nonvegetated,Nonvegetated,Natural,SNB5,,,,,0,0,
Barataria Bay RC Pre-Katrina Spring 2005,KATBS-2005-56,Wisner Wildlife Mgmt area,4/28/2005,4:53 PM,29.1897,-90.1461,1,1,21,24,27.29999924,6.5,227,5.400000095,-999,52,53,54,51,52,Open water,Nonvegetated,Nonvegetated,Natural,SNB5,,,,,0,0,
Barataria Bay RC Pre-Katrina Spring 2005,KATBS-2005-57,Wisner Wildlife Mgmt area,4/28/2005,6:23 PM,29.2417,-90.1434,1,1,22,22,25.29999924,6.099999905,512,20,-999,64,64,65,66,67,Open water,Nonvegetated,Nonvegetated,Natural,SNB20,,,,,0,0,
Barataria Bay RC Pre-Katrina Spring 2005,KATBS-2005-58,Wisner Wildlife Mgmt area,4/29/2005,1:02 PM,29.2072,-90.1793,1,1,22,23,26.39999962,7,139,4.099999905,-999,51,50,52,56,59,Open water,Nonvegetated,Nonvegetated,Natural,SNB5,,,,,0,0,
Barataria Bay RC Pre-Katrina Spring 2005,KATBS-2005-59,Wisner Wildlife Mgmt area,4/29/2005,1:27 PM,29.2192,-90.1747,1,1,22,23,25.39999962,6,283,21,-999,75,78,78,79,80,Open water,Nonvegetated,Nonvegetated,Natural,SNB20,,,,,0,0,
Barataria Bay RC Pre-Katrina Spring 2005,KATBS-2005-60,Wisner Wildlife Mgmt area,4/29/2005,1:47 PM,29.2163,-90.1593,1,1,23,24,26.10000038,7,304,50,-999,84,86,87,88,88,Open water,Nonvegetated,Nonvegetated,Natural,SNB50,Use as alternate for sample #33,,,,0,0,
Barataria Bay RC Pre-Katrina Spring 2005,KATBS-2005-61,Wisner Wildlife Mgmt area,4/29/2005,2:22 PM,29.2468,-90.1414,1,1,23,22,26.20000076,6.400000095,478,48,-999,89,89,92,86,88,Open water,Nonvegetated,Nonvegetated,Natural,SNB50,,,,,0,0,
Barataria Bay RC Pre-Katrina Spring 2005,KATBS-2005-62,Wisner Wildlife Mgmt area,4/29/2005,3:06 PM,29.2524,-90.16,1,1,20,20,26.39999962,6.5,390,19,-999,97,98,98,99,100,Open water,Nonvegetated,Nonvegetated,Natural,SNB20,,,,,0,0,
Barataria Bay RC Pre-Katrina Spring 2005,KATBS-2005-63,Wisner Wildlife Mgmt area,4/29/2005,3:30 PM,29.2411,-90.1732,1,1,20,22,26.70000076,6.5,178,49,-999,90,90,91,92,89,Open water,Nonvegetated,Nonvegetated,Natural,SNB50,,,,,0,0,
Barataria Bay RC Pre-Katrina Spring 2005,KATBS-2005-64,Wisner Wildlife Mgmt area,4/29/2005,4:15 PM,29.2332,-90.1776,1,1,20,19,26.79999924,7,218,5.199999809,-999,111,111,112,109,108,Open water,Nonvegetated,Nonvegetated,Natural,SNB5,,,,,0,0,
