Record_ID_Number,ProjectName,SampleNumber,Taxon,Count
71741,Barataria Bay Fall 2006,BBF-2006-064,No species collected,0
71345,Barataria Bay Fall 2006,BBF-2006-065,Litopenaeus setiferus,1
71346,Barataria Bay Fall 2006,BBF-2006-065,Litopenaeus setiferus,1
71347,Barataria Bay Fall 2006,BBF-2006-065,Litopenaeus setiferus,1
71348,Barataria Bay Fall 2006,BBF-2006-065,Litopenaeus setiferus,1
71349,Barataria Bay Fall 2006,BBF-2006-065,Litopenaeus setiferus,1
71350,Barataria Bay Fall 2006,BBF-2006-065,Litopenaeus setiferus,1
71351,Barataria Bay Fall 2006,BBF-2006-065,Litopenaeus setiferus,1
71352,Barataria Bay Fall 2006,BBF-2006-065,Litopenaeus setiferus,1
71353,Barataria Bay Fall 2006,BBF-2006-065,Litopenaeus setiferus,1
71354,Barataria Bay Fall 2006,BBF-2006-065,Litopenaeus setiferus,1
71360,Barataria Bay Fall 2006,BBF-2006-065,Litopenaeus setiferus,1
71361,Barataria Bay Fall 2006,BBF-2006-065,Litopenaeus setiferus,1
71362,Barataria Bay Fall 2006,BBF-2006-065,Litopenaeus setiferus,1
71363,Barataria Bay Fall 2006,BBF-2006-065,Litopenaeus setiferus,1
71364,Barataria Bay Fall 2006,BBF-2006-065,Litopenaeus setiferus,1
71365,Barataria Bay Fall 2006,BBF-2006-065,Litopenaeus setiferus,1
71366,Barataria Bay Fall 2006,BBF-2006-065,Litopenaeus setiferus,1
71367,Barataria Bay Fall 2006,BBF-2006-065,Litopenaeus setiferus,1
71368,Barataria Bay Fall 2006,BBF-2006-065,Litopenaeus setiferus,1
71369,Barataria Bay Fall 2006,BBF-2006-065,Litopenaeus setiferus,1
71370,Barataria Bay Fall 2006,BBF-2006-065,Litopenaeus setiferus,1
71371,Barataria Bay Fall 2006,BBF-2006-065,Litopenaeus setiferus,1
71372,Barataria Bay Fall 2006,BBF-2006-065,Litopenaeus setiferus,1
71373,Barataria Bay Fall 2006,BBF-2006-065,Litopenaeus setiferus,1
71374,Barataria Bay Fall 2006,BBF-2006-065,Litopenaeus setiferus,1
71375,Barataria Bay Fall 2006,BBF-2006-065,Litopenaeus setiferus,1
71376,Barataria Bay Fall 2006,BBF-2006-065,Litopenaeus setiferus,1
71377,Barataria Bay Fall 2006,BBF-2006-065,Litopenaeus setiferus,1
71378,Barataria Bay Fall 2006,BBF-2006-065,Litopenaeus setiferus,1
71379,Barataria Bay Fall 2006,BBF-2006-065,Litopenaeus setiferus,1
71380,Barataria Bay Fall 2006,BBF-2006-065,Litopenaeus setiferus,1
71381,Barataria Bay Fall 2006,BBF-2006-065,Litopenaeus setiferus,1
71382,Barataria Bay Fall 2006,BBF-2006-065,Litopenaeus setiferus,1
71383,Barataria Bay Fall 2006,BBF-2006-065,Litopenaeus setiferus,1
71384,Barataria Bay Fall 2006,BBF-2006-065,Litopenaeus setiferus,1
71355,Barataria Bay Fall 2006,BBF-2006-065,Penaeidae,1
71356,Barataria Bay Fall 2006,BBF-2006-065,Penaeidae,1
71357,Barataria Bay Fall 2006,BBF-2006-065,Penaeidae,1
71358,Barataria Bay Fall 2006,BBF-2006-065,Penaeidae,1
71359,Barataria Bay Fall 2006,BBF-2006-065,Penaeidae,1
71742,Barataria Bay Fall 2006,BBF-2006-066,No species collected,0
71387,Barataria Bay Fall 2006,BBF-2006-067,Farfantepenaeus aztecus,1
71389,Barataria Bay Fall 2006,BBF-2006-067,Farfantepenaeus aztecus,1
71390,Barataria Bay Fall 2006,BBF-2006-067,Farfantepenaeus aztecus,1
71391,Barataria Bay Fall 2006,BBF-2006-067,Farfantepenaeus aztecus,1
71392,Barataria Bay Fall 2006,BBF-2006-067,Farfantepenaeus aztecus,1
71393,Barataria Bay Fall 2006,BBF-2006-067,Farfantepenaeus aztecus,1
71404,Barataria Bay Fall 2006,BBF-2006-067,Farfantepenaeus aztecus,1
71406,Barataria Bay Fall 2006,BBF-2006-067,Farfantepenaeus aztecus,1
71409,Barataria Bay Fall 2006,BBF-2006-067,Farfantepenaeus aztecus,1
71388,Barataria Bay Fall 2006,BBF-2006-067,Farfantepenaeus sp.,1
71405,Barataria Bay Fall 2006,BBF-2006-067,Farfantepenaeus sp.,1
71407,Barataria Bay Fall 2006,BBF-2006-067,Farfantepenaeus sp.,1
71408,Barataria Bay Fall 2006,BBF-2006-067,Farfantepenaeus sp.,1
71385,Barataria Bay Fall 2006,BBF-2006-067,Litopenaeus setiferus,1
71386,Barataria Bay Fall 2006,BBF-2006-067,Litopenaeus setiferus,1
71394,Barataria Bay Fall 2006,BBF-2006-067,Litopenaeus setiferus,1
71395,Barataria Bay Fall 2006,BBF-2006-067,Litopenaeus setiferus,1
71396,Barataria Bay Fall 2006,BBF-2006-067,Litopenaeus setiferus,1
71397,Barataria Bay Fall 2006,BBF-2006-067,Litopenaeus setiferus,1
71398,Barataria Bay Fall 2006,BBF-2006-067,Litopenaeus setiferus,1
71399,Barataria Bay Fall 2006,BBF-2006-067,Litopenaeus setiferus,1
71400,Barataria Bay Fall 2006,BBF-2006-067,Litopenaeus setiferus,1
71401,Barataria Bay Fall 2006,BBF-2006-067,Litopenaeus setiferus,1
71402,Barataria Bay Fall 2006,BBF-2006-067,Litopenaeus setiferus,1
71403,Barataria Bay Fall 2006,BBF-2006-067,Litopenaeus setiferus,1
71410,Barataria Bay Fall 2006,BBF-2006-067,Litopenaeus setiferus,1
71411,Barataria Bay Fall 2006,BBF-2006-067,Litopenaeus setiferus,1
71412,Barataria Bay Fall 2006,BBF-2006-068,Litopenaeus setiferus,1
71413,Barataria Bay Fall 2006,BBF-2006-068,Litopenaeus setiferus,1
71414,Barataria Bay Fall 2006,BBF-2006-068,Litopenaeus setiferus,1
71415,Barataria Bay Fall 2006,BBF-2006-068,Litopenaeus setiferus,1
71416,Barataria Bay Fall 2006,BBF-2006-068,Litopenaeus setiferus,1
71417,Barataria Bay Fall 2006,BBF-2006-068,Litopenaeus setiferus,1
71418,Barataria Bay Fall 2006,BBF-2006-068,Litopenaeus setiferus,1
71419,Barataria Bay Fall 2006,BBF-2006-068,Litopenaeus setiferus,1
71420,Barataria Bay Fall 2006,BBF-2006-068,Litopenaeus setiferus,1
71421,Barataria Bay Fall 2006,BBF-2006-068,Litopenaeus setiferus,1
71422,Barataria Bay Fall 2006,BBF-2006-068,Litopenaeus setiferus,1
71423,Barataria Bay Fall 2006,BBF-2006-068,Litopenaeus setiferus,1
71424,Barataria Bay Fall 2006,BBF-2006-068,Litopenaeus setiferus,1
71425,Barataria Bay Fall 2006,BBF-2006-068,Litopenaeus setiferus,1
71426,Barataria Bay Fall 2006,BBF-2006-069,Litopenaeus setiferus,1
71427,Barataria Bay Fall 2006,BBF-2006-069,Litopenaeus setiferus,1
71428,Barataria Bay Fall 2006,BBF-2006-069,Litopenaeus setiferus,1
71429,Barataria Bay Fall 2006,BBF-2006-070,Farfantepenaeus aztecus,1
71430,Barataria Bay Fall 2006,BBF-2006-070,Farfantepenaeus aztecus,1
71431,Barataria Bay Fall 2006,BBF-2006-070,Litopenaeus setiferus,1
71432,Barataria Bay Fall 2006,BBF-2006-070,Litopenaeus setiferus,1
71433,Barataria Bay Fall 2006,BBF-2006-070,Litopenaeus setiferus,1
71434,Barataria Bay Fall 2006,BBF-2006-070,Litopenaeus setiferus,1
71435,Barataria Bay Fall 2006,BBF-2006-070,Litopenaeus setiferus,1
71436,Barataria Bay Fall 2006,BBF-2006-070,Litopenaeus setiferus,1
71437,Barataria Bay Fall 2006,BBF-2006-070,Litopenaeus setiferus,1
71438,Barataria Bay Fall 2006,BBF-2006-070,Litopenaeus setiferus,1
71439,Barataria Bay Fall 2006,BBF-2006-070,Litopenaeus setiferus,1
71440,Barataria Bay Fall 2006,BBF-2006-070,Litopenaeus setiferus,1
71441,Barataria Bay Fall 2006,BBF-2006-070,Litopenaeus setiferus,1
71442,Barataria Bay Fall 2006,BBF-2006-070,Litopenaeus setiferus,1
71443,Barataria Bay Fall 2006,BBF-2006-070,Litopenaeus setiferus,1
71444,Barataria Bay Fall 2006,BBF-2006-070,Litopenaeus setiferus,1
71445,Barataria Bay Fall 2006,BBF-2006-070,Litopenaeus setiferus,1
71446,Barataria Bay Fall 2006,BBF-2006-070,Litopenaeus setiferus,1
71447,Barataria Bay Fall 2006,BBF-2006-070,Litopenaeus setiferus,1
71448,Barataria Bay Fall 2006,BBF-2006-070,Litopenaeus setiferus,1
71449,Barataria Bay Fall 2006,BBF-2006-070,Litopenaeus setiferus,1
71450,Barataria Bay Fall 2006,BBF-2006-070,Litopenaeus setiferus,1
71451,Barataria Bay Fall 2006,BBF-2006-070,Litopenaeus setiferus,1
71452,Barataria Bay Fall 2006,BBF-2006-070,Litopenaeus setiferus,1
71453,Barataria Bay Fall 2006,BBF-2006-070,Litopenaeus setiferus,1
71454,Barataria Bay Fall 2006,BBF-2006-070,Litopenaeus setiferus,1
71455,Barataria Bay Fall 2006,BBF-2006-070,Litopenaeus setiferus,1
71456,Barataria Bay Fall 2006,BBF-2006-070,Litopenaeus setiferus,1
71457,Barataria Bay Fall 2006,BBF-2006-070,Litopenaeus setiferus,1
71458,Barataria Bay Fall 2006,BBF-2006-070,Litopenaeus setiferus,1
71459,Barataria Bay Fall 2006,BBF-2006-070,Litopenaeus setiferus,1
71460,Barataria Bay Fall 2006,BBF-2006-070,Litopenaeus setiferus,1
71461,Barataria Bay Fall 2006,BBF-2006-070,Litopenaeus setiferus,1
71462,Barataria Bay Fall 2006,BBF-2006-070,Litopenaeus setiferus,1
71463,Barataria Bay Fall 2006,BBF-2006-071,Litopenaeus setiferus,1
71464,Barataria Bay Fall 2006,BBF-2006-071,Litopenaeus setiferus,1
71465,Barataria Bay Fall 2006,BBF-2006-071,Litopenaeus setiferus,1
71466,Barataria Bay Fall 2006,BBF-2006-071,Litopenaeus setiferus,1
71467,Barataria Bay Fall 2006,BBF-2006-071,Litopenaeus setiferus,1
71468,Barataria Bay Fall 2006,BBF-2006-071,Litopenaeus setiferus,1
71469,Barataria Bay Fall 2006,BBF-2006-071,Litopenaeus setiferus,1
71470,Barataria Bay Fall 2006,BBF-2006-071,Litopenaeus setiferus,1
71471,Barataria Bay Fall 2006,BBF-2006-071,Litopenaeus setiferus,1
71472,Barataria Bay Fall 2006,BBF-2006-071,Litopenaeus setiferus,1
71473,Barataria Bay Fall 2006,BBF-2006-071,Litopenaeus setiferus,1
71474,Barataria Bay Fall 2006,BBF-2006-071,Litopenaeus setiferus,1
71475,Barataria Bay Fall 2006,BBF-2006-071,Litopenaeus setiferus,1
71476,Barataria Bay Fall 2006,BBF-2006-071,Litopenaeus setiferus,1
71477,Barataria Bay Fall 2006,BBF-2006-071,Litopenaeus setiferus,1
71478,Barataria Bay Fall 2006,BBF-2006-071,Litopenaeus setiferus,1
71479,Barataria Bay Fall 2006,BBF-2006-071,Litopenaeus setiferus,1
71480,Barataria Bay Fall 2006,BBF-2006-071,Litopenaeus setiferus,1
71481,Barataria Bay Fall 2006,BBF-2006-071,Litopenaeus setiferus,1
71482,Barataria Bay Fall 2006,BBF-2006-071,Litopenaeus setiferus,1
71483,Barataria Bay Fall 2006,BBF-2006-071,Litopenaeus setiferus,1
71484,Barataria Bay Fall 2006,BBF-2006-071,Litopenaeus setiferus,1
71485,Barataria Bay Fall 2006,BBF-2006-071,Litopenaeus setiferus,1
71486,Barataria Bay Fall 2006,BBF-2006-071,Litopenaeus setiferus,1
71487,Barataria Bay Fall 2006,BBF-2006-071,Litopenaeus setiferus,1
71488,Barataria Bay Fall 2006,BBF-2006-071,Litopenaeus setiferus,1
71489,Barataria Bay Fall 2006,BBF-2006-071,Litopenaeus setiferus,1
71490,Barataria Bay Fall 2006,BBF-2006-071,Litopenaeus setiferus,1
71491,Barataria Bay Fall 2006,BBF-2006-071,Litopenaeus setiferus,1
71492,Barataria Bay Fall 2006,BBF-2006-071,Litopenaeus setiferus,1
71493,Barataria Bay Fall 2006,BBF-2006-071,Litopenaeus setiferus,1
71494,Barataria Bay Fall 2006,BBF-2006-071,Litopenaeus setiferus,1
71495,Barataria Bay Fall 2006,BBF-2006-071,Litopenaeus setiferus,1
71496,Barataria Bay Fall 2006,BBF-2006-071,Litopenaeus setiferus,1
71497,Barataria Bay Fall 2006,BBF-2006-071,Litopenaeus setiferus,1
71498,Barataria Bay Fall 2006,BBF-2006-071,Litopenaeus setiferus,1
71499,Barataria Bay Fall 2006,BBF-2006-071,Litopenaeus setiferus,1
71500,Barataria Bay Fall 2006,BBF-2006-071,Litopenaeus setiferus,1
71501,Barataria Bay Fall 2006,BBF-2006-071,Litopenaeus setiferus,1
71502,Barataria Bay Fall 2006,BBF-2006-071,Litopenaeus setiferus,1
71503,Barataria Bay Fall 2006,BBF-2006-071,Litopenaeus setiferus,1
71504,Barataria Bay Fall 2006,BBF-2006-071,Litopenaeus setiferus,1
71505,Barataria Bay Fall 2006,BBF-2006-071,Litopenaeus setiferus,1
71506,Barataria Bay Fall 2006,BBF-2006-071,Litopenaeus setiferus,1
71507,Barataria Bay Fall 2006,BBF-2006-071,Litopenaeus setiferus,1
71508,Barataria Bay Fall 2006,BBF-2006-071,Litopenaeus setiferus,1
71509,Barataria Bay Fall 2006,BBF-2006-071,Litopenaeus setiferus,1
71510,Barataria Bay Fall 2006,BBF-2006-071,Litopenaeus setiferus,1
71511,Barataria Bay Fall 2006,BBF-2006-071,Litopenaeus setiferus,1
71512,Barataria Bay Fall 2006,BBF-2006-071,Litopenaeus setiferus,1
71513,Barataria Bay Fall 2006,BBF-2006-071,Litopenaeus setiferus,1
71514,Barataria Bay Fall 2006,BBF-2006-071,Litopenaeus setiferus,1
71515,Barataria Bay Fall 2006,BBF-2006-071,Litopenaeus setiferus,1
71516,Barataria Bay Fall 2006,BBF-2006-072,Litopenaeus setiferus,1
71517,Barataria Bay Fall 2006,BBF-2006-072,Litopenaeus setiferus,1
71518,Barataria Bay Fall 2006,BBF-2006-072,Litopenaeus setiferus,1
71519,Barataria Bay Fall 2006,BBF-2006-072,Litopenaeus setiferus,1
71520,Barataria Bay Fall 2006,BBF-2006-072,Litopenaeus setiferus,1
71521,Barataria Bay Fall 2006,BBF-2006-072,Litopenaeus setiferus,1
71522,Barataria Bay Fall 2006,BBF-2006-072,Litopenaeus setiferus,1
71523,Barataria Bay Fall 2006,BBF-2006-072,Litopenaeus setiferus,1
71524,Barataria Bay Fall 2006,BBF-2006-072,Litopenaeus setiferus,1
71525,Barataria Bay Fall 2006,BBF-2006-072,Litopenaeus setiferus,1
71591,Barataria Bay Fall 2006,BBF-2006-073,Farfantepenaeus sp.,1
71592,Barataria Bay Fall 2006,BBF-2006-073,Farfantepenaeus sp.,1
71593,Barataria Bay Fall 2006,BBF-2006-073,Farfantepenaeus sp.,1
71751,Barataria Bay Fall 2006,BBF-2006-073,Litopenaeus setiferus,1
71752,Barataria Bay Fall 2006,BBF-2006-073,Litopenaeus setiferus,1
71526,Barataria Bay Fall 2006,BBF-2006-073,Litopenaeus setiferus,1
71527,Barataria Bay Fall 2006,BBF-2006-073,Litopenaeus setiferus,1
71528,Barataria Bay Fall 2006,BBF-2006-073,Litopenaeus setiferus,1
71529,Barataria Bay Fall 2006,BBF-2006-073,Litopenaeus setiferus,1
71530,Barataria Bay Fall 2006,BBF-2006-073,Litopenaeus setiferus,1
71531,Barataria Bay Fall 2006,BBF-2006-073,Litopenaeus setiferus,1
71532,Barataria Bay Fall 2006,BBF-2006-073,Litopenaeus setiferus,1
71533,Barataria Bay Fall 2006,BBF-2006-073,Litopenaeus setiferus,1
71534,Barataria Bay Fall 2006,BBF-2006-073,Litopenaeus setiferus,1
71535,Barataria Bay Fall 2006,BBF-2006-073,Litopenaeus setiferus,1
71536,Barataria Bay Fall 2006,BBF-2006-073,Litopenaeus setiferus,1
71537,Barataria Bay Fall 2006,BBF-2006-073,Litopenaeus setiferus,1
71538,Barataria Bay Fall 2006,BBF-2006-073,Litopenaeus setiferus,1
71539,Barataria Bay Fall 2006,BBF-2006-073,Litopenaeus setiferus,1
71540,Barataria Bay Fall 2006,BBF-2006-073,Litopenaeus setiferus,1
71541,Barataria Bay Fall 2006,BBF-2006-073,Litopenaeus setiferus,1
71542,Barataria Bay Fall 2006,BBF-2006-073,Litopenaeus setiferus,1
71543,Barataria Bay Fall 2006,BBF-2006-073,Litopenaeus setiferus,1
71544,Barataria Bay Fall 2006,BBF-2006-073,Litopenaeus setiferus,1
71545,Barataria Bay Fall 2006,BBF-2006-073,Litopenaeus setiferus,1
71546,Barataria Bay Fall 2006,BBF-2006-073,Litopenaeus setiferus,1
71547,Barataria Bay Fall 2006,BBF-2006-073,Litopenaeus setiferus,1
71548,Barataria Bay Fall 2006,BBF-2006-073,Litopenaeus setiferus,1
71549,Barataria Bay Fall 2006,BBF-2006-073,Litopenaeus setiferus,1
71550,Barataria Bay Fall 2006,BBF-2006-073,Litopenaeus setiferus,1
71551,Barataria Bay Fall 2006,BBF-2006-073,Litopenaeus setiferus,1
71552,Barataria Bay Fall 2006,BBF-2006-073,Litopenaeus setiferus,1
71553,Barataria Bay Fall 2006,BBF-2006-073,Litopenaeus setiferus,1
71554,Barataria Bay Fall 2006,BBF-2006-073,Litopenaeus setiferus,1
71555,Barataria Bay Fall 2006,BBF-2006-073,Litopenaeus setiferus,1
71556,Barataria Bay Fall 2006,BBF-2006-073,Litopenaeus setiferus,1
71557,Barataria Bay Fall 2006,BBF-2006-073,Litopenaeus setiferus,1
71558,Barataria Bay Fall 2006,BBF-2006-073,Litopenaeus setiferus,1
71559,Barataria Bay Fall 2006,BBF-2006-073,Litopenaeus setiferus,1
71560,Barataria Bay Fall 2006,BBF-2006-073,Litopenaeus setiferus,1
71561,Barataria Bay Fall 2006,BBF-2006-073,Litopenaeus setiferus,1
71562,Barataria Bay Fall 2006,BBF-2006-073,Litopenaeus setiferus,1
71563,Barataria Bay Fall 2006,BBF-2006-073,Litopenaeus setiferus,1
71564,Barataria Bay Fall 2006,BBF-2006-073,Litopenaeus setiferus,1
71565,Barataria Bay Fall 2006,BBF-2006-073,Litopenaeus setiferus,1
71566,Barataria Bay Fall 2006,BBF-2006-073,Litopenaeus setiferus,1
71567,Barataria Bay Fall 2006,BBF-2006-073,Litopenaeus setiferus,1
71568,Barataria Bay Fall 2006,BBF-2006-073,Litopenaeus setiferus,1
71569,Barataria Bay Fall 2006,BBF-2006-073,Litopenaeus setiferus,1
71570,Barataria Bay Fall 2006,BBF-2006-073,Litopenaeus setiferus,1
71571,Barataria Bay Fall 2006,BBF-2006-073,Litopenaeus setiferus,1
71572,Barataria Bay Fall 2006,BBF-2006-073,Litopenaeus setiferus,1
71573,Barataria Bay Fall 2006,BBF-2006-073,Litopenaeus setiferus,1
71574,Barataria Bay Fall 2006,BBF-2006-073,Litopenaeus setiferus,1
71575,Barataria Bay Fall 2006,BBF-2006-073,Litopenaeus setiferus,1
71576,Barataria Bay Fall 2006,BBF-2006-073,Litopenaeus setiferus,1
71577,Barataria Bay Fall 2006,BBF-2006-073,Litopenaeus setiferus,1
71578,Barataria Bay Fall 2006,BBF-2006-073,Litopenaeus setiferus,1
71579,Barataria Bay Fall 2006,BBF-2006-073,Litopenaeus setiferus,1
71582,Barataria Bay Fall 2006,BBF-2006-073,Litopenaeus setiferus,1
71583,Barataria Bay Fall 2006,BBF-2006-073,Litopenaeus setiferus,1
71584,Barataria Bay Fall 2006,BBF-2006-073,Litopenaeus setiferus,1
71585,Barataria Bay Fall 2006,BBF-2006-073,Litopenaeus setiferus,1
71586,Barataria Bay Fall 2006,BBF-2006-073,Litopenaeus setiferus,1
71587,Barataria Bay Fall 2006,BBF-2006-073,Litopenaeus setiferus,1
71588,Barataria Bay Fall 2006,BBF-2006-073,Litopenaeus setiferus,1
71589,Barataria Bay Fall 2006,BBF-2006-073,Litopenaeus setiferus,1
71590,Barataria Bay Fall 2006,BBF-2006-073,Litopenaeus setiferus,1
71595,Barataria Bay Fall 2006,BBF-2006-074,Litopenaeus setiferus,1
71596,Barataria Bay Fall 2006,BBF-2006-074,Litopenaeus setiferus,1
71616,Barataria Bay Fall 2006,BBF-2006-075,Farfantepenaeus aztecus,1
71617,Barataria Bay Fall 2006,BBF-2006-075,Farfantepenaeus aztecus,1
71597,Barataria Bay Fall 2006,BBF-2006-075,Litopenaeus setiferus,1
71598,Barataria Bay Fall 2006,BBF-2006-075,Litopenaeus setiferus,1
71599,Barataria Bay Fall 2006,BBF-2006-075,Litopenaeus setiferus,1
71600,Barataria Bay Fall 2006,BBF-2006-075,Litopenaeus setiferus,1
71601,Barataria Bay Fall 2006,BBF-2006-075,Litopenaeus setiferus,1
71602,Barataria Bay Fall 2006,BBF-2006-075,Litopenaeus setiferus,1
71603,Barataria Bay Fall 2006,BBF-2006-075,Litopenaeus setiferus,1
71604,Barataria Bay Fall 2006,BBF-2006-075,Litopenaeus setiferus,1
71605,Barataria Bay Fall 2006,BBF-2006-075,Litopenaeus setiferus,1
71606,Barataria Bay Fall 2006,BBF-2006-075,Litopenaeus setiferus,1
71607,Barataria Bay Fall 2006,BBF-2006-075,Litopenaeus setiferus,1
71608,Barataria Bay Fall 2006,BBF-2006-075,Litopenaeus setiferus,1
71609,Barataria Bay Fall 2006,BBF-2006-075,Litopenaeus setiferus,1
71610,Barataria Bay Fall 2006,BBF-2006-075,Litopenaeus setiferus,1
71611,Barataria Bay Fall 2006,BBF-2006-075,Litopenaeus setiferus,1
71612,Barataria Bay Fall 2006,BBF-2006-075,Litopenaeus setiferus,1
71613,Barataria Bay Fall 2006,BBF-2006-075,Litopenaeus setiferus,1
71614,Barataria Bay Fall 2006,BBF-2006-075,Litopenaeus setiferus,1
71615,Barataria Bay Fall 2006,BBF-2006-075,Litopenaeus setiferus,1
71618,Barataria Bay Fall 2006,BBF-2006-076,Farfantepenaeus sp.,1
71619,Barataria Bay Fall 2006,BBF-2006-076,Farfantepenaeus sp.,1
71620,Barataria Bay Fall 2006,BBF-2006-076,Farfantepenaeus sp.,1
71621,Barataria Bay Fall 2006,BBF-2006-076,Farfantepenaeus sp.,1
71622,Barataria Bay Fall 2006,BBF-2006-076,Farfantepenaeus sp.,1
71623,Barataria Bay Fall 2006,BBF-2006-076,Farfantepenaeus sp.,1
71624,Barataria Bay Fall 2006,BBF-2006-076,Farfantepenaeus sp.,1
71625,Barataria Bay Fall 2006,BBF-2006-076,Farfantepenaeus sp.,1
71628,Barataria Bay Fall 2006,BBF-2006-077,Farfantepenaeus aztecus,1
71629,Barataria Bay Fall 2006,BBF-2006-077,Farfantepenaeus aztecus,1
71630,Barataria Bay Fall 2006,BBF-2006-077,Farfantepenaeus aztecus,1
71626,Barataria Bay Fall 2006,BBF-2006-077,Litopenaeus setiferus,1
71627,Barataria Bay Fall 2006,BBF-2006-077,Litopenaeus setiferus,1
71632,Barataria Bay Fall 2006,BBF-2006-078,Farfantepenaeus sp.,1
71631,Barataria Bay Fall 2006,BBF-2006-078,Litopenaeus setiferus,1
71633,Barataria Bay Fall 2006,BBF-2006-078,Litopenaeus setiferus,1
71634,Barataria Bay Fall 2006,BBF-2006-078,Litopenaeus setiferus,1
71743,Barataria Bay Fall 2006,BBF-2006-079,No species collected,0
71744,Barataria Bay Fall 2006,BBF-2006-080,No species collected,0
71635,Barataria Bay Fall 2006,BBF-2006-081,Farfantepenaeus aztecus,1
71745,Barataria Bay Fall 2006,BBF-2006-082,No species collected,0
71636,Barataria Bay Fall 2006,BBF-2006-083,Litopenaeus setiferus,1
71640,Barataria Bay Fall 2006,BBF-2006-084,Farfantepenaeus aztecus,1
71641,Barataria Bay Fall 2006,BBF-2006-084,Farfantepenaeus aztecus,1
71642,Barataria Bay Fall 2006,BBF-2006-084,Farfantepenaeus aztecus,1
71637,Barataria Bay Fall 2006,BBF-2006-084,Farfantepenaeus sp.,1
71638,Barataria Bay Fall 2006,BBF-2006-084,Farfantepenaeus sp.,1
71639,Barataria Bay Fall 2006,BBF-2006-084,Farfantepenaeus sp.,1
71746,Barataria Bay Fall 2006,BBF-2006-085,No species collected,0
71643,Barataria Bay Fall 2006,BBF-2006-086,Farfantepenaeus aztecus,1
71644,Barataria Bay Fall 2006,BBF-2006-086,Litopenaeus setiferus,1
71645,Barataria Bay Fall 2006,BBF-2006-087,Farfantepenaeus aztecus,1
71646,Barataria Bay Fall 2006,BBF-2006-087,Farfantepenaeus aztecus,1
71647,Barataria Bay Fall 2006,BBF-2006-087,Farfantepenaeus aztecus,1
71648,Barataria Bay Fall 2006,BBF-2006-087,Farfantepenaeus sp.,1
71649,Barataria Bay Fall 2006,BBF-2006-088,Farfantepenaeus sp.,1
71654,Barataria Bay Fall 2006,BBF-2006-089,Farfantepenaeus aztecus,1
71655,Barataria Bay Fall 2006,BBF-2006-089,Farfantepenaeus aztecus,1
71650,Barataria Bay Fall 2006,BBF-2006-089,Farfantepenaeus sp.,1
71652,Barataria Bay Fall 2006,BBF-2006-089,Farfantepenaeus sp.,1
71656,Barataria Bay Fall 2006,BBF-2006-089,Farfantepenaeus sp.,1
71651,Barataria Bay Fall 2006,BBF-2006-089,Litopenaeus setiferus,1
71653,Barataria Bay Fall 2006,BBF-2006-089,Litopenaeus setiferus,1
71657,Barataria Bay Fall 2006,BBF-2006-089,Litopenaeus setiferus,1
71658,Barataria Bay Fall 2006,BBF-2006-089,Litopenaeus setiferus,1
71659,Barataria Bay Fall 2006,BBF-2006-089,Litopenaeus setiferus,1
71660,Barataria Bay Fall 2006,BBF-2006-089,Litopenaeus setiferus,1
71661,Barataria Bay Fall 2006,BBF-2006-090,Farfantepenaeus aztecus,1
71662,Barataria Bay Fall 2006,BBF-2006-090,Farfantepenaeus aztecus,1
71663,Barataria Bay Fall 2006,BBF-2006-090,Farfantepenaeus aztecus,1
71664,Barataria Bay Fall 2006,BBF-2006-090,Farfantepenaeus aztecus,1
71665,Barataria Bay Fall 2006,BBF-2006-090,Litopenaeus setiferus,1
71666,Barataria Bay Fall 2006,BBF-2006-091,Farfantepenaeus aztecus,1
71667,Barataria Bay Fall 2006,BBF-2006-091,Farfantepenaeus sp.,1
71668,Barataria Bay Fall 2006,BBF-2006-091,Farfantepenaeus sp.,1
71669,Barataria Bay Fall 2006,BBF-2006-092,Farfantepenaeus aztecus,1
71674,Barataria Bay Fall 2006,BBF-2006-092,Farfantepenaeus aztecus,1
71675,Barataria Bay Fall 2006,BBF-2006-092,Farfantepenaeus aztecus,1
71676,Barataria Bay Fall 2006,BBF-2006-092,Farfantepenaeus aztecus,1
71680,Barataria Bay Fall 2006,BBF-2006-092,Farfantepenaeus aztecus,1
71689,Barataria Bay Fall 2006,BBF-2006-092,Farfantepenaeus aztecus,1
71690,Barataria Bay Fall 2006,BBF-2006-092,Farfantepenaeus aztecus,1
71691,Barataria Bay Fall 2006,BBF-2006-092,Farfantepenaeus aztecus,1
71692,Barataria Bay Fall 2006,BBF-2006-092,Farfantepenaeus aztecus,1
71693,Barataria Bay Fall 2006,BBF-2006-092,Farfantepenaeus aztecus,1
71694,Barataria Bay Fall 2006,BBF-2006-092,Farfantepenaeus aztecus,1
71695,Barataria Bay Fall 2006,BBF-2006-092,Farfantepenaeus aztecus,1
71696,Barataria Bay Fall 2006,BBF-2006-092,Farfantepenaeus aztecus,1
71697,Barataria Bay Fall 2006,BBF-2006-092,Farfantepenaeus aztecus,1
71698,Barataria Bay Fall 2006,BBF-2006-092,Farfantepenaeus aztecus,1
71670,Barataria Bay Fall 2006,BBF-2006-092,Farfantepenaeus sp.,1
71671,Barataria Bay Fall 2006,BBF-2006-092,Farfantepenaeus sp.,1
71672,Barataria Bay Fall 2006,BBF-2006-092,Farfantepenaeus sp.,1
71673,Barataria Bay Fall 2006,BBF-2006-092,Farfantepenaeus sp.,1
71677,Barataria Bay Fall 2006,BBF-2006-092,Farfantepenaeus sp.,1
71678,Barataria Bay Fall 2006,BBF-2006-092,Farfantepenaeus sp.,1
71679,Barataria Bay Fall 2006,BBF-2006-092,Farfantepenaeus sp.,1
71681,Barataria Bay Fall 2006,BBF-2006-092,Farfantepenaeus sp.,1
71682,Barataria Bay Fall 2006,BBF-2006-092,Farfantepenaeus sp.,1
71683,Barataria Bay Fall 2006,BBF-2006-092,Farfantepenaeus sp.,1
71684,Barataria Bay Fall 2006,BBF-2006-092,Farfantepenaeus sp.,1
71685,Barataria Bay Fall 2006,BBF-2006-092,Farfantepenaeus sp.,1
71686,Barataria Bay Fall 2006,BBF-2006-092,Farfantepenaeus sp.,1
71687,Barataria Bay Fall 2006,BBF-2006-092,Farfantepenaeus sp.,1
71688,Barataria Bay Fall 2006,BBF-2006-092,Farfantepenaeus sp.,1
71699,Barataria Bay Fall 2006,BBF-2006-093,Litopenaeus setiferus,1
71700,Barataria Bay Fall 2006,BBF-2006-093,Litopenaeus setiferus,1
71701,Barataria Bay Fall 2006,BBF-2006-093,Litopenaeus setiferus,1
71702,Barataria Bay Fall 2006,BBF-2006-093,Litopenaeus setiferus,1
71703,Barataria Bay Fall 2006,BBF-2006-093,Litopenaeus setiferus,1
71704,Barataria Bay Fall 2006,BBF-2006-093,Litopenaeus setiferus,1
71705,Barataria Bay Fall 2006,BBF-2006-093,Litopenaeus setiferus,1
71706,Barataria Bay Fall 2006,BBF-2006-093,Litopenaeus setiferus,1
71707,Barataria Bay Fall 2006,BBF-2006-093,Litopenaeus setiferus,1
71708,Barataria Bay Fall 2006,BBF-2006-093,Litopenaeus setiferus,1
71709,Barataria Bay Fall 2006,BBF-2006-093,Litopenaeus setiferus,1
71710,Barataria Bay Fall 2006,BBF-2006-093,Litopenaeus setiferus,1
71711,Barataria Bay Fall 2006,BBF-2006-093,Litopenaeus setiferus,1
71712,Barataria Bay Fall 2006,BBF-2006-093,Litopenaeus setiferus,1
71713,Barataria Bay Fall 2006,BBF-2006-094,Farfantepenaeus sp.,1
71714,Barataria Bay Fall 2006,BBF-2006-095,Litopenaeus setiferus,1
71715,Barataria Bay Fall 2006,BBF-2006-095,Litopenaeus setiferus,1
71716,Barataria Bay Fall 2006,BBF-2006-095,Litopenaeus setiferus,1
71717,Barataria Bay Fall 2006,BBF-2006-095,Litopenaeus setiferus,1
71718,Barataria Bay Fall 2006,BBF-2006-095,Litopenaeus setiferus,1
71719,Barataria Bay Fall 2006,BBF-2006-095,Litopenaeus setiferus,1
71720,Barataria Bay Fall 2006,BBF-2006-095,Litopenaeus setiferus,1
71721,Barataria Bay Fall 2006,BBF-2006-095,Litopenaeus setiferus,1
71722,Barataria Bay Fall 2006,BBF-2006-095,Litopenaeus setiferus,1
71723,Barataria Bay Fall 2006,BBF-2006-095,Litopenaeus setiferus,1
71724,Barataria Bay Fall 2006,BBF-2006-095,Litopenaeus setiferus,1
71725,Barataria Bay Fall 2006,BBF-2006-095,Litopenaeus setiferus,1
71726,Barataria Bay Fall 2006,BBF-2006-095,Litopenaeus setiferus,1
71727,Barataria Bay Fall 2006,BBF-2006-095,Litopenaeus setiferus,1
71728,Barataria Bay Fall 2006,BBF-2006-095,Litopenaeus setiferus,1
71731,Barataria Bay Fall 2006,BBF-2006-096,Farfantepenaeus sp.,1
71729,Barataria Bay Fall 2006,BBF-2006-096,Litopenaeus setiferus,1
71730,Barataria Bay Fall 2006,BBF-2006-096,Litopenaeus setiferus,1
71747,Barataria Bay Fall 2006,BBF-2006-097,No species collected,0
71732,Barataria Bay Fall 2006,BBF-2006-098,Litopenaeus setiferus,1
71733,Barataria Bay Fall 2006,BBF-2006-099,Farfantepenaeus sp.,1
71734,Barataria Bay Fall 2006,BBF-2006-100,Litopenaeus setiferus,1
71735,Barataria Bay Fall 2006,BBF-2006-100,Litopenaeus setiferus,1
71736,Barataria Bay Fall 2006,BBF-2006-100,Litopenaeus setiferus,1
71738,Barataria Bay Fall 2006,BBF-2006-101,Farfantepenaeus duorarum,1
71737,Barataria Bay Fall 2006,BBF-2006-101,Farfantepenaeus sp.,1
71739,Barataria Bay Fall 2006,BBF-2006-102,Farfantepenaeus aztecus,1
71740,Barataria Bay Fall 2006,BBF-2006-103,Farfantepenaeus aztecus,1
70600,Barataria Bay Spring 2006,BBS-2006-001,Farfantepenaeus aztecus,1
70601,Barataria Bay Spring 2006,BBS-2006-001,Farfantepenaeus aztecus,1
70602,Barataria Bay Spring 2006,BBS-2006-001,Farfantepenaeus aztecus,1
70603,Barataria Bay Spring 2006,BBS-2006-001,Farfantepenaeus aztecus,1
70604,Barataria Bay Spring 2006,BBS-2006-001,Farfantepenaeus aztecus,1
70605,Barataria Bay Spring 2006,BBS-2006-001,Farfantepenaeus aztecus,1
70606,Barataria Bay Spring 2006,BBS-2006-001,Farfantepenaeus aztecus,1
70607,Barataria Bay Spring 2006,BBS-2006-001,Farfantepenaeus aztecus,1
70608,Barataria Bay Spring 2006,BBS-2006-001,Farfantepenaeus aztecus,1
70591,Barataria Bay Spring 2006,BBS-2006-001,Farfantepenaeus aztecus,1
70592,Barataria Bay Spring 2006,BBS-2006-001,Farfantepenaeus aztecus,1
70593,Barataria Bay Spring 2006,BBS-2006-001,Farfantepenaeus aztecus,1
70594,Barataria Bay Spring 2006,BBS-2006-001,Farfantepenaeus aztecus,1
70595,Barataria Bay Spring 2006,BBS-2006-001,Farfantepenaeus aztecus,1
70596,Barataria Bay Spring 2006,BBS-2006-001,Farfantepenaeus aztecus,1
70597,Barataria Bay Spring 2006,BBS-2006-001,Farfantepenaeus aztecus,1
70598,Barataria Bay Spring 2006,BBS-2006-001,Farfantepenaeus aztecus,1
70599,Barataria Bay Spring 2006,BBS-2006-001,Farfantepenaeus aztecus,1
70609,Barataria Bay Spring 2006,BBS-2006-001,Farfantepenaeus sp.,1
70610,Barataria Bay Spring 2006,BBS-2006-001,Farfantepenaeus sp.,4
70611,Barataria Bay Spring 2006,BBS-2006-001,Farfantepenaeus sp.,1
70612,Barataria Bay Spring 2006,BBS-2006-002,Farfantepenaeus aztecus,1
70613,Barataria Bay Spring 2006,BBS-2006-002,Farfantepenaeus aztecus,1
70614,Barataria Bay Spring 2006,BBS-2006-002,Farfantepenaeus aztecus,2
70615,Barataria Bay Spring 2006,BBS-2006-002,Farfantepenaeus aztecus,1
70616,Barataria Bay Spring 2006,BBS-2006-002,Farfantepenaeus aztecus,1
70617,Barataria Bay Spring 2006,BBS-2006-002,Farfantepenaeus aztecus,1
70618,Barataria Bay Spring 2006,BBS-2006-002,Farfantepenaeus aztecus,1
70619,Barataria Bay Spring 2006,BBS-2006-002,Farfantepenaeus aztecus,2
70620,Barataria Bay Spring 2006,BBS-2006-002,Farfantepenaeus aztecus,1
70621,Barataria Bay Spring 2006,BBS-2006-002,Farfantepenaeus aztecus,1
70622,Barataria Bay Spring 2006,BBS-2006-002,Farfantepenaeus aztecus,1
70623,Barataria Bay Spring 2006,BBS-2006-002,Farfantepenaeus aztecus,1
70624,Barataria Bay Spring 2006,BBS-2006-002,Farfantepenaeus aztecus,1
70625,Barataria Bay Spring 2006,BBS-2006-002,Farfantepenaeus aztecus,1
70626,Barataria Bay Spring 2006,BBS-2006-003,Farfantepenaeus aztecus,1
70627,Barataria Bay Spring 2006,BBS-2006-003,Farfantepenaeus aztecus,2
70628,Barataria Bay Spring 2006,BBS-2006-003,Farfantepenaeus aztecus,1
70629,Barataria Bay Spring 2006,BBS-2006-003,Farfantepenaeus aztecus,1
70630,Barataria Bay Spring 2006,BBS-2006-003,Farfantepenaeus aztecus,1
70631,Barataria Bay Spring 2006,BBS-2006-003,Farfantepenaeus aztecus,1
70632,Barataria Bay Spring 2006,BBS-2006-003,Farfantepenaeus aztecus,1
70633,Barataria Bay Spring 2006,BBS-2006-003,Farfantepenaeus aztecus,1
70634,Barataria Bay Spring 2006,BBS-2006-003,Farfantepenaeus sp.,1
70635,Barataria Bay Spring 2006,BBS-2006-003,Farfantepenaeus sp.,1
70636,Barataria Bay Spring 2006,BBS-2006-004,Farfantepenaeus sp.,1
70637,Barataria Bay Spring 2006,BBS-2006-004,Farfantepenaeus sp.,1
70638,Barataria Bay Spring 2006,BBS-2006-004,Farfantepenaeus sp.,1
70639,Barataria Bay Spring 2006,BBS-2006-004,Farfantepenaeus sp.,1
70640,Barataria Bay Spring 2006,BBS-2006-004,Farfantepenaeus sp.,1
70641,Barataria Bay Spring 2006,BBS-2006-004,Farfantepenaeus sp.,1
70642,Barataria Bay Spring 2006,BBS-2006-004,Penaeidae,1
70643,Barataria Bay Spring 2006,BBS-2006-005,Farfantepenaeus aztecus,1
70644,Barataria Bay Spring 2006,BBS-2006-005,Farfantepenaeus aztecus,1
70645,Barataria Bay Spring 2006,BBS-2006-005,Farfantepenaeus aztecus,1
70646,Barataria Bay Spring 2006,BBS-2006-005,Farfantepenaeus aztecus,1
70647,Barataria Bay Spring 2006,BBS-2006-005,Farfantepenaeus aztecus,1
70648,Barataria Bay Spring 2006,BBS-2006-005,Farfantepenaeus aztecus,2
70649,Barataria Bay Spring 2006,BBS-2006-005,Farfantepenaeus aztecus,2
70650,Barataria Bay Spring 2006,BBS-2006-005,Farfantepenaeus aztecus,1
70651,Barataria Bay Spring 2006,BBS-2006-005,Farfantepenaeus sp.,1
70652,Barataria Bay Spring 2006,BBS-2006-005,Farfantepenaeus sp.,1
70653,Barataria Bay Spring 2006,BBS-2006-006,Farfantepenaeus aztecus,1
70654,Barataria Bay Spring 2006,BBS-2006-006,Farfantepenaeus aztecus,1
70528,Barataria Bay Spring 2006,BBS-2006-006,Farfantepenaeus aztecus,1
70529,Barataria Bay Spring 2006,BBS-2006-006,Farfantepenaeus aztecus,1
70530,Barataria Bay Spring 2006,BBS-2006-006,Farfantepenaeus aztecus,1
70531,Barataria Bay Spring 2006,BBS-2006-006,Farfantepenaeus aztecus,1
70532,Barataria Bay Spring 2006,BBS-2006-006,Farfantepenaeus aztecus,1
70535,Barataria Bay Spring 2006,BBS-2006-006,Farfantepenaeus sp.,1
70533,Barataria Bay Spring 2006,BBS-2006-006,Farfantepenaeus sp.,2
70534,Barataria Bay Spring 2006,BBS-2006-006,Farfantepenaeus sp.,3
70536,Barataria Bay Spring 2006,BBS-2006-007,No species collected,0
70537,Barataria Bay Spring 2006,BBS-2006-008,Farfantepenaeus aztecus,1
70538,Barataria Bay Spring 2006,BBS-2006-009,Farfantepenaeus aztecus,1
70539,Barataria Bay Spring 2006,BBS-2006-009,Farfantepenaeus aztecus,1
70540,Barataria Bay Spring 2006,BBS-2006-009,Farfantepenaeus aztecus,1
70541,Barataria Bay Spring 2006,BBS-2006-010,Farfantepenaeus aztecus,1
70542,Barataria Bay Spring 2006,BBS-2006-010,Farfantepenaeus aztecus,1
70543,Barataria Bay Spring 2006,BBS-2006-011,Farfantepenaeus aztecus,1
70544,Barataria Bay Spring 2006,BBS-2006-011,Farfantepenaeus aztecus,1
70545,Barataria Bay Spring 2006,BBS-2006-011,Farfantepenaeus aztecus,1
70546,Barataria Bay Spring 2006,BBS-2006-012,Farfantepenaeus aztecus,1
70547,Barataria Bay Spring 2006,BBS-2006-012,Farfantepenaeus sp.,1
70548,Barataria Bay Spring 2006,BBS-2006-013,Farfantepenaeus aztecus,1
70549,Barataria Bay Spring 2006,BBS-2006-013,Farfantepenaeus aztecus,1
70550,Barataria Bay Spring 2006,BBS-2006-013,Farfantepenaeus aztecus,1
70551,Barataria Bay Spring 2006,BBS-2006-013,Farfantepenaeus aztecus,1
70552,Barataria Bay Spring 2006,BBS-2006-013,Farfantepenaeus aztecus,3
70553,Barataria Bay Spring 2006,BBS-2006-013,Farfantepenaeus aztecus,1
70554,Barataria Bay Spring 2006,BBS-2006-013,Farfantepenaeus aztecus,1
70555,Barataria Bay Spring 2006,BBS-2006-013,Farfantepenaeus aztecus,1
70556,Barataria Bay Spring 2006,BBS-2006-013,Farfantepenaeus aztecus,1
70557,Barataria Bay Spring 2006,BBS-2006-013,Farfantepenaeus aztecus,1
70558,Barataria Bay Spring 2006,BBS-2006-013,Farfantepenaeus sp.,2
70559,Barataria Bay Spring 2006,BBS-2006-013,Farfantepenaeus sp.,1
70560,Barataria Bay Spring 2006,BBS-2006-013,Farfantepenaeus sp.,1
70561,Barataria Bay Spring 2006,BBS-2006-013,Farfantepenaeus sp.,1
70562,Barataria Bay Spring 2006,BBS-2006-013,Farfantepenaeus sp.,1
70563,Barataria Bay Spring 2006,BBS-2006-014,Farfantepenaeus aztecus,1
70564,Barataria Bay Spring 2006,BBS-2006-014,Farfantepenaeus aztecus,1
70565,Barataria Bay Spring 2006,BBS-2006-014,Farfantepenaeus aztecus,1
70566,Barataria Bay Spring 2006,BBS-2006-014,Farfantepenaeus aztecus,1
70567,Barataria Bay Spring 2006,BBS-2006-015,Farfantepenaeus aztecus,1
70568,Barataria Bay Spring 2006,BBS-2006-016,Farfantepenaeus aztecus,1
70569,Barataria Bay Spring 2006,BBS-2006-016,Farfantepenaeus aztecus,1
70570,Barataria Bay Spring 2006,BBS-2006-016,Farfantepenaeus aztecus,1
70571,Barataria Bay Spring 2006,BBS-2006-016,Farfantepenaeus aztecus,1
70572,Barataria Bay Spring 2006,BBS-2006-016,Farfantepenaeus aztecus,1
70573,Barataria Bay Spring 2006,BBS-2006-016,Farfantepenaeus sp.,1
70574,Barataria Bay Spring 2006,BBS-2006-016,Farfantepenaeus sp.,1
70575,Barataria Bay Spring 2006,BBS-2006-017,Farfantepenaeus aztecus,1
70576,Barataria Bay Spring 2006,BBS-2006-017,Farfantepenaeus aztecus,1
70577,Barataria Bay Spring 2006,BBS-2006-018,Farfantepenaeus aztecus,1
70578,Barataria Bay Spring 2006,BBS-2006-018,Farfantepenaeus aztecus,1
70579,Barataria Bay Spring 2006,BBS-2006-018,Farfantepenaeus aztecus,1
70580,Barataria Bay Spring 2006,BBS-2006-018,Farfantepenaeus aztecus,1
70581,Barataria Bay Spring 2006,BBS-2006-018,Farfantepenaeus aztecus,1
70582,Barataria Bay Spring 2006,BBS-2006-018,Farfantepenaeus aztecus,1
70583,Barataria Bay Spring 2006,BBS-2006-018,Farfantepenaeus sp.,1
70584,Barataria Bay Spring 2006,BBS-2006-018,Farfantepenaeus sp.,1
70585,Barataria Bay Spring 2006,BBS-2006-019,Farfantepenaeus aztecus,1
70586,Barataria Bay Spring 2006,BBS-2006-019,Farfantepenaeus aztecus,1
70587,Barataria Bay Spring 2006,BBS-2006-019,Farfantepenaeus aztecus,1
70588,Barataria Bay Spring 2006,BBS-2006-019,Farfantepenaeus aztecus,1
70589,Barataria Bay Spring 2006,BBS-2006-020,No species collected,0
70590,Barataria Bay Spring 2006,BBS-2006-021,Farfantepenaeus aztecus,1
70466,Barataria Bay Spring 2006,BBS-2006-021,Farfantepenaeus aztecus,1
70467,Barataria Bay Spring 2006,BBS-2006-021,Farfantepenaeus sp.,1
70468,Barataria Bay Spring 2006,BBS-2006-021,Farfantepenaeus sp.,1
70469,Barataria Bay Spring 2006,BBS-2006-021,Farfantepenaeus sp.,1
70470,Barataria Bay Spring 2006,BBS-2006-021,Farfantepenaeus sp.,1
70471,Barataria Bay Spring 2006,BBS-2006-021,Farfantepenaeus sp.,1
70472,Barataria Bay Spring 2006,BBS-2006-022,Farfantepenaeus aztecus,1
70473,Barataria Bay Spring 2006,BBS-2006-022,Farfantepenaeus aztecus,1
70474,Barataria Bay Spring 2006,BBS-2006-022,Farfantepenaeus aztecus,1
70475,Barataria Bay Spring 2006,BBS-2006-022,Farfantepenaeus aztecus,1
70476,Barataria Bay Spring 2006,BBS-2006-022,Farfantepenaeus aztecus,1
70477,Barataria Bay Spring 2006,BBS-2006-022,Farfantepenaeus aztecus,1
70478,Barataria Bay Spring 2006,BBS-2006-022,Farfantepenaeus aztecus,1
70479,Barataria Bay Spring 2006,BBS-2006-022,Farfantepenaeus aztecus,1
70480,Barataria Bay Spring 2006,BBS-2006-022,Farfantepenaeus aztecus,1
70481,Barataria Bay Spring 2006,BBS-2006-022,Farfantepenaeus aztecus,1
70482,Barataria Bay Spring 2006,BBS-2006-022,Farfantepenaeus aztecus,1
70483,Barataria Bay Spring 2006,BBS-2006-022,Farfantepenaeus aztecus,1
70484,Barataria Bay Spring 2006,BBS-2006-023,Farfantepenaeus aztecus,1
70485,Barataria Bay Spring 2006,BBS-2006-024,Farfantepenaeus sp.,1
70486,Barataria Bay Spring 2006,BBS-2006-025,No species collected,0
70487,Barataria Bay Spring 2006,BBS-2006-026,Farfantepenaeus aztecus,1
70488,Barataria Bay Spring 2006,BBS-2006-026,Farfantepenaeus aztecus,1
70489,Barataria Bay Spring 2006,BBS-2006-026,Farfantepenaeus aztecus,1
70490,Barataria Bay Spring 2006,BBS-2006-027,Farfantepenaeus aztecus,1
70491,Barataria Bay Spring 2006,BBS-2006-027,Farfantepenaeus aztecus,1
70492,Barataria Bay Spring 2006,BBS-2006-027,Farfantepenaeus aztecus,1
70493,Barataria Bay Spring 2006,BBS-2006-027,Farfantepenaeus aztecus,1
70494,Barataria Bay Spring 2006,BBS-2006-027,Farfantepenaeus sp.,3
70495,Barataria Bay Spring 2006,BBS-2006-027,Farfantepenaeus sp.,1
70496,Barataria Bay Spring 2006,BBS-2006-027,Farfantepenaeus sp.,1
70497,Barataria Bay Spring 2006,BBS-2006-027,Farfantepenaeus sp.,1
70498,Barataria Bay Spring 2006,BBS-2006-027,Farfantepenaeus sp.,1
70499,Barataria Bay Spring 2006,BBS-2006-027,Farfantepenaeus sp.,1
70500,Barataria Bay Spring 2006,BBS-2006-027,Farfantepenaeus sp.,1
70501,Barataria Bay Spring 2006,BBS-2006-028,Farfantepenaeus sp.,1
70502,Barataria Bay Spring 2006,BBS-2006-029,Farfantepenaeus aztecus,1
70503,Barataria Bay Spring 2006,BBS-2006-029,Farfantepenaeus aztecus,1
70504,Barataria Bay Spring 2006,BBS-2006-029,Farfantepenaeus aztecus,1
70505,Barataria Bay Spring 2006,BBS-2006-029,Farfantepenaeus aztecus,1
70506,Barataria Bay Spring 2006,BBS-2006-029,Farfantepenaeus aztecus,1
70507,Barataria Bay Spring 2006,BBS-2006-029,Farfantepenaeus aztecus,1
70508,Barataria Bay Spring 2006,BBS-2006-029,Farfantepenaeus sp.,1
70509,Barataria Bay Spring 2006,BBS-2006-030,Farfantepenaeus aztecus,2
70510,Barataria Bay Spring 2006,BBS-2006-030,Farfantepenaeus aztecus,1
70511,Barataria Bay Spring 2006,BBS-2006-030,Farfantepenaeus aztecus,4
70512,Barataria Bay Spring 2006,BBS-2006-030,Farfantepenaeus aztecus,1
70513,Barataria Bay Spring 2006,BBS-2006-030,Farfantepenaeus aztecus,1
70514,Barataria Bay Spring 2006,BBS-2006-030,Farfantepenaeus aztecus,1
70515,Barataria Bay Spring 2006,BBS-2006-030,Farfantepenaeus sp.,2
70516,Barataria Bay Spring 2006,BBS-2006-030,Farfantepenaeus sp.,1
70517,Barataria Bay Spring 2006,BBS-2006-030,Farfantepenaeus sp.,1
70518,Barataria Bay Spring 2006,BBS-2006-031,Farfantepenaeus aztecus,1
70519,Barataria Bay Spring 2006,BBS-2006-032,Farfantepenaeus aztecus,1
70520,Barataria Bay Spring 2006,BBS-2006-032,Farfantepenaeus aztecus,1
70521,Barataria Bay Spring 2006,BBS-2006-032,Farfantepenaeus aztecus,1
70522,Barataria Bay Spring 2006,BBS-2006-033,Farfantepenaeus aztecus,1
70523,Barataria Bay Spring 2006,BBS-2006-033,Farfantepenaeus aztecus,1
70524,Barataria Bay Spring 2006,BBS-2006-033,Farfantepenaeus aztecus,1
70525,Barataria Bay Spring 2006,BBS-2006-033,Farfantepenaeus aztecus,2
70526,Barataria Bay Spring 2006,BBS-2006-033,Farfantepenaeus aztecus,2
70407,Barataria Bay Spring 2006,BBS-2006-033,Farfantepenaeus sp.,2
70408,Barataria Bay Spring 2006,BBS-2006-033,Farfantepenaeus sp.,4
70409,Barataria Bay Spring 2006,BBS-2006-033,Farfantepenaeus sp.,2
70410,Barataria Bay Spring 2006,BBS-2006-033,Farfantepenaeus sp.,2
70411,Barataria Bay Spring 2006,BBS-2006-033,Farfantepenaeus sp.,1
70412,Barataria Bay Spring 2006,BBS-2006-033,Farfantepenaeus sp.,1
70413,Barataria Bay Spring 2006,BBS-2006-033,Farfantepenaeus sp.,3
70414,Barataria Bay Spring 2006,BBS-2006-033,Farfantepenaeus sp.,1
70415,Barataria Bay Spring 2006,BBS-2006-033,Farfantepenaeus sp.,1
70527,Barataria Bay Spring 2006,BBS-2006-033,Farfantepenaeus sp.,2
70416,Barataria Bay Spring 2006,BBS-2006-034,Farfantepenaeus aztecus,1
70417,Barataria Bay Spring 2006,BBS-2006-035,Farfantepenaeus aztecus,1
70418,Barataria Bay Spring 2006,BBS-2006-035,Farfantepenaeus aztecus,1
70419,Barataria Bay Spring 2006,BBS-2006-035,Farfantepenaeus aztecus,1
70420,Barataria Bay Spring 2006,BBS-2006-035,Farfantepenaeus aztecus,1
70421,Barataria Bay Spring 2006,BBS-2006-035,Farfantepenaeus aztecus,1
70422,Barataria Bay Spring 2006,BBS-2006-035,Farfantepenaeus sp.,1
70423,Barataria Bay Spring 2006,BBS-2006-035,Farfantepenaeus sp.,1
70424,Barataria Bay Spring 2006,BBS-2006-035,Farfantepenaeus sp.,2
70425,Barataria Bay Spring 2006,BBS-2006-035,Farfantepenaeus sp.,1
70426,Barataria Bay Spring 2006,BBS-2006-035,Farfantepenaeus sp.,1
70427,Barataria Bay Spring 2006,BBS-2006-035,Farfantepenaeus sp.,1
70428,Barataria Bay Spring 2006,BBS-2006-036,Farfantepenaeus aztecus,1
70429,Barataria Bay Spring 2006,BBS-2006-036,Farfantepenaeus aztecus,1
70430,Barataria Bay Spring 2006,BBS-2006-036,Farfantepenaeus aztecus,1
70431,Barataria Bay Spring 2006,BBS-2006-036,Farfantepenaeus sp.,1
70432,Barataria Bay Spring 2006,BBS-2006-037,Farfantepenaeus aztecus,1
70433,Barataria Bay Spring 2006,BBS-2006-037,Farfantepenaeus aztecus,1
70434,Barataria Bay Spring 2006,BBS-2006-037,Farfantepenaeus aztecus,1
70435,Barataria Bay Spring 2006,BBS-2006-037,Farfantepenaeus aztecus,1
70436,Barataria Bay Spring 2006,BBS-2006-037,Farfantepenaeus aztecus,1
70437,Barataria Bay Spring 2006,BBS-2006-037,Farfantepenaeus sp.,2
70438,Barataria Bay Spring 2006,BBS-2006-038,Farfantepenaeus aztecus,1
70439,Barataria Bay Spring 2006,BBS-2006-038,Farfantepenaeus aztecus,1
70440,Barataria Bay Spring 2006,BBS-2006-038,Farfantepenaeus aztecus,1
70441,Barataria Bay Spring 2006,BBS-2006-039,Farfantepenaeus aztecus,1
70442,Barataria Bay Spring 2006,BBS-2006-039,Farfantepenaeus aztecus,1
70443,Barataria Bay Spring 2006,BBS-2006-039,Farfantepenaeus aztecus,1
70444,Barataria Bay Spring 2006,BBS-2006-039,Farfantepenaeus aztecus,1
70445,Barataria Bay Spring 2006,BBS-2006-039,Farfantepenaeus aztecus,3
70446,Barataria Bay Spring 2006,BBS-2006-039,Farfantepenaeus aztecus,1
70447,Barataria Bay Spring 2006,BBS-2006-039,Farfantepenaeus sp.,1
70448,Barataria Bay Spring 2006,BBS-2006-039,Farfantepenaeus sp.,4
70449,Barataria Bay Spring 2006,BBS-2006-039,Farfantepenaeus sp.,2
70450,Barataria Bay Spring 2006,BBS-2006-039,Farfantepenaeus sp.,2
70451,Barataria Bay Spring 2006,BBS-2006-039,Farfantepenaeus sp.,1
70452,Barataria Bay Spring 2006,BBS-2006-039,Farfantepenaeus sp.,1
70453,Barataria Bay Spring 2006,BBS-2006-039,Farfantepenaeus sp.,2
70454,Barataria Bay Spring 2006,BBS-2006-039,Farfantepenaeus sp.,1
70455,Barataria Bay Spring 2006,BBS-2006-040,Farfantepenaeus aztecus,1
70456,Barataria Bay Spring 2006,BBS-2006-040,Farfantepenaeus aztecus,1
70457,Barataria Bay Spring 2006,BBS-2006-040,Farfantepenaeus aztecus,1
70458,Barataria Bay Spring 2006,BBS-2006-040,Farfantepenaeus aztecus,2
70459,Barataria Bay Spring 2006,BBS-2006-040,Farfantepenaeus aztecus,1
70460,Barataria Bay Spring 2006,BBS-2006-040,Farfantepenaeus aztecus,1
70461,Barataria Bay Spring 2006,BBS-2006-040,Farfantepenaeus sp.,2
70462,Barataria Bay Spring 2006,BBS-2006-040,Farfantepenaeus sp.,1
70463,Barataria Bay Spring 2006,BBS-2006-040,Farfantepenaeus sp.,1
70464,Barataria Bay Spring 2006,BBS-2006-040,Farfantepenaeus sp.,1
70465,Barataria Bay Spring 2006,BBS-2006-040,Farfantepenaeus sp.,1
72369,Barataria Bay Post-Katrina Fall 2005,KATBF-2005-01,Farfantepenaeus aztecus,1
72370,Barataria Bay Post-Katrina Fall 2005,KATBF-2005-01,Farfantepenaeus aztecus,1
72371,Barataria Bay Post-Katrina Fall 2005,KATBF-2005-01,Farfantepenaeus aztecus,1
72399,Barataria Bay Post-Katrina Fall 2005,KATBF-2005-01,Farfantepenaeus aztecus,1
72400,Barataria Bay Post-Katrina Fall 2005,KATBF-2005-01,Farfantepenaeus aztecus,1
72420,Barataria Bay Post-Katrina Fall 2005,KATBF-2005-01,Farfantepenaeus aztecus,1
72267,Barataria Bay Post-Katrina Fall 2005,KATBF-2005-01,Farfantepenaeus aztecus,1
72268,Barataria Bay Post-Katrina Fall 2005,KATBF-2005-01,Farfantepenaeus aztecus,1
72406,Barataria Bay Post-Katrina Fall 2005,KATBF-2005-01,Farfantepenaeus sp.,1
72407,Barataria Bay Post-Katrina Fall 2005,KATBF-2005-01,Farfantepenaeus sp.,1
72408,Barataria Bay Post-Katrina Fall 2005,KATBF-2005-01,Farfantepenaeus sp.,1
72409,Barataria Bay Post-Katrina Fall 2005,KATBF-2005-01,Farfantepenaeus sp.,1
72410,Barataria Bay Post-Katrina Fall 2005,KATBF-2005-01,Farfantepenaeus sp.,1
72411,Barataria Bay Post-Katrina Fall 2005,KATBF-2005-01,Farfantepenaeus sp.,1
72412,Barataria Bay Post-Katrina Fall 2005,KATBF-2005-01,Farfantepenaeus sp.,1
72413,Barataria Bay Post-Katrina Fall 2005,KATBF-2005-01,Farfantepenaeus sp.,1
72414,Barataria Bay Post-Katrina Fall 2005,KATBF-2005-01,Farfantepenaeus sp.,1
72401,Barataria Bay Post-Katrina Fall 2005,KATBF-2005-01,Litopenaeus setiferus,1
72402,Barataria Bay Post-Katrina Fall 2005,KATBF-2005-01,Litopenaeus setiferus,1
72403,Barataria Bay Post-Katrina Fall 2005,KATBF-2005-01,Litopenaeus setiferus,1
72404,Barataria Bay Post-Katrina Fall 2005,KATBF-2005-01,Litopenaeus setiferus,1
72405,Barataria Bay Post-Katrina Fall 2005,KATBF-2005-01,Litopenaeus setiferus,1
72415,Barataria Bay Post-Katrina Fall 2005,KATBF-2005-02,No species collected,0
72416,Barataria Bay Post-Katrina Fall 2005,KATBF-2005-03,Litopenaeus setiferus,1
72417,Barataria Bay Post-Katrina Fall 2005,KATBF-2005-03,Litopenaeus setiferus,1
72421,Barataria Bay Post-Katrina Fall 2005,KATBF-2005-04,No species collected,0
72422,Barataria Bay Post-Katrina Fall 2005,KATBF-2005-05,Farfantepenaeus aztecus,1
72423,Barataria Bay Post-Katrina Fall 2005,KATBF-2005-05,Farfantepenaeus aztecus,1
72426,Barataria Bay Post-Katrina Fall 2005,KATBF-2005-06,Farfantepenaeus duorarum,1
72424,Barataria Bay Post-Katrina Fall 2005,KATBF-2005-06,Litopenaeus setiferus,1
72425,Barataria Bay Post-Katrina Fall 2005,KATBF-2005-06,Litopenaeus setiferus,1
72427,Barataria Bay Post-Katrina Fall 2005,KATBF-2005-07,Farfantepenaeus aztecus,1
72428,Barataria Bay Post-Katrina Fall 2005,KATBF-2005-07,Litopenaeus setiferus,1
72435,Barataria Bay Post-Katrina Fall 2005,KATBF-2005-08,Farfantepenaeus aztecus,1
72429,Barataria Bay Post-Katrina Fall 2005,KATBF-2005-08,Litopenaeus setiferus,1
72430,Barataria Bay Post-Katrina Fall 2005,KATBF-2005-08,Litopenaeus setiferus,1
72431,Barataria Bay Post-Katrina Fall 2005,KATBF-2005-08,Litopenaeus setiferus,1
72432,Barataria Bay Post-Katrina Fall 2005,KATBF-2005-08,Litopenaeus setiferus,1
72433,Barataria Bay Post-Katrina Fall 2005,KATBF-2005-08,Litopenaeus setiferus,1
72434,Barataria Bay Post-Katrina Fall 2005,KATBF-2005-08,Litopenaeus setiferus,1
72436,Barataria Bay Post-Katrina Fall 2005,KATBF-2005-09,Litopenaeus setiferus,1
72437,Barataria Bay Post-Katrina Fall 2005,KATBF-2005-09,Litopenaeus setiferus,1
72438,Barataria Bay Post-Katrina Fall 2005,KATBF-2005-09,Litopenaeus setiferus,1
72439,Barataria Bay Post-Katrina Fall 2005,KATBF-2005-10,No species collected,0
72440,Barataria Bay Post-Katrina Fall 2005,KATBF-2005-11,Litopenaeus setiferus,1
72441,Barataria Bay Post-Katrina Fall 2005,KATBF-2005-11,Litopenaeus setiferus,1
72418,Barataria Bay Post-Katrina Fall 2005,KATBF-2005-12,Farfantepenaeus aztecus,1
72447,Barataria Bay Post-Katrina Fall 2005,KATBF-2005-12,Farfantepenaeus aztecus,1
72448,Barataria Bay Post-Katrina Fall 2005,KATBF-2005-12,Farfantepenaeus aztecus,1
72449,Barataria Bay Post-Katrina Fall 2005,KATBF-2005-12,Farfantepenaeus aztecus,1
72442,Barataria Bay Post-Katrina Fall 2005,KATBF-2005-12,Litopenaeus setiferus,1
72443,Barataria Bay Post-Katrina Fall 2005,KATBF-2005-12,Litopenaeus setiferus,1
72444,Barataria Bay Post-Katrina Fall 2005,KATBF-2005-12,Litopenaeus setiferus,1
72445,Barataria Bay Post-Katrina Fall 2005,KATBF-2005-12,Litopenaeus setiferus,1
72446,Barataria Bay Post-Katrina Fall 2005,KATBF-2005-12,Litopenaeus setiferus,1
72419,Barataria Bay Post-Katrina Fall 2005,KATBF-2005-13,Litopenaeus setiferus,1
72269,Barataria Bay Post-Katrina Fall 2005,KATBF-2005-13,Litopenaeus setiferus,1
72270,Barataria Bay Post-Katrina Fall 2005,KATBF-2005-13,Litopenaeus setiferus,1
72271,Barataria Bay Post-Katrina Fall 2005,KATBF-2005-13,Litopenaeus setiferus,1
72272,Barataria Bay Post-Katrina Fall 2005,KATBF-2005-13,Litopenaeus setiferus,1
72273,Barataria Bay Post-Katrina Fall 2005,KATBF-2005-13,Litopenaeus setiferus,1
72274,Barataria Bay Post-Katrina Fall 2005,KATBF-2005-13,Litopenaeus setiferus,1
72275,Barataria Bay Post-Katrina Fall 2005,KATBF-2005-13,Litopenaeus setiferus,1
72276,Barataria Bay Post-Katrina Fall 2005,KATBF-2005-13,Litopenaeus setiferus,1
72283,Barataria Bay Post-Katrina Fall 2005,KATBF-2005-14,Farfantepenaeus aztecus,1
72284,Barataria Bay Post-Katrina Fall 2005,KATBF-2005-14,Farfantepenaeus aztecus,1
72331,Barataria Bay Post-Katrina Fall 2005,KATBF-2005-14,Farfantepenaeus sp.,1
72285,Barataria Bay Post-Katrina Fall 2005,KATBF-2005-14,Farfantepenaeus sp.,1
72286,Barataria Bay Post-Katrina Fall 2005,KATBF-2005-14,Farfantepenaeus sp.,1
72287,Barataria Bay Post-Katrina Fall 2005,KATBF-2005-14,Farfantepenaeus sp.,1
72288,Barataria Bay Post-Katrina Fall 2005,KATBF-2005-14,Farfantepenaeus sp.,1
72289,Barataria Bay Post-Katrina Fall 2005,KATBF-2005-14,Farfantepenaeus sp.,1
72277,Barataria Bay Post-Katrina Fall 2005,KATBF-2005-14,Litopenaeus setiferus,1
72278,Barataria Bay Post-Katrina Fall 2005,KATBF-2005-14,Litopenaeus setiferus,1
72279,Barataria Bay Post-Katrina Fall 2005,KATBF-2005-14,Litopenaeus setiferus,1
72280,Barataria Bay Post-Katrina Fall 2005,KATBF-2005-14,Litopenaeus setiferus,1
72281,Barataria Bay Post-Katrina Fall 2005,KATBF-2005-14,Litopenaeus setiferus,1
72282,Barataria Bay Post-Katrina Fall 2005,KATBF-2005-14,Litopenaeus setiferus,1
72290,Barataria Bay Post-Katrina Fall 2005,KATBF-2005-15,No species collected,0
72291,Barataria Bay Post-Katrina Fall 2005,KATBF-2005-16,Farfantepenaeus aztecus,1
72292,Barataria Bay Post-Katrina Fall 2005,KATBF-2005-16,Farfantepenaeus aztecus,1
72293,Barataria Bay Post-Katrina Fall 2005,KATBF-2005-16,Farfantepenaeus aztecus,1
72294,Barataria Bay Post-Katrina Fall 2005,KATBF-2005-16,Farfantepenaeus aztecus,1
72295,Barataria Bay Post-Katrina Fall 2005,KATBF-2005-16,Farfantepenaeus sp.,1
72296,Barataria Bay Post-Katrina Fall 2005,KATBF-2005-16,Farfantepenaeus sp.,1
72297,Barataria Bay Post-Katrina Fall 2005,KATBF-2005-17,Litopenaeus setiferus,1
72298,Barataria Bay Post-Katrina Fall 2005,KATBF-2005-17,Litopenaeus setiferus,1
72299,Barataria Bay Post-Katrina Fall 2005,KATBF-2005-17,Litopenaeus setiferus,1
72300,Barataria Bay Post-Katrina Fall 2005,KATBF-2005-18,Farfantepenaeus sp.,1
72301,Barataria Bay Post-Katrina Fall 2005,KATBF-2005-19,Farfantepenaeus aztecus,1
72302,Barataria Bay Post-Katrina Fall 2005,KATBF-2005-19,Farfantepenaeus aztecus,1
72303,Barataria Bay Post-Katrina Fall 2005,KATBF-2005-19,Litopenaeus setiferus,1
72304,Barataria Bay Post-Katrina Fall 2005,KATBF-2005-20,No species collected,0
72305,Barataria Bay Post-Katrina Fall 2005,KATBF-2005-21,Farfantepenaeus aztecus,1
72306,Barataria Bay Post-Katrina Fall 2005,KATBF-2005-21,Farfantepenaeus aztecus,1
72307,Barataria Bay Post-Katrina Fall 2005,KATBF-2005-21,Farfantepenaeus aztecus,1
72308,Barataria Bay Post-Katrina Fall 2005,KATBF-2005-22,Litopenaeus setiferus,1
72309,Barataria Bay Post-Katrina Fall 2005,KATBF-2005-22,Litopenaeus setiferus,1
72310,Barataria Bay Post-Katrina Fall 2005,KATBF-2005-22,Litopenaeus setiferus,1
72311,Barataria Bay Post-Katrina Fall 2005,KATBF-2005-22,Litopenaeus setiferus,1
72312,Barataria Bay Post-Katrina Fall 2005,KATBF-2005-22,Litopenaeus setiferus,1
72313,Barataria Bay Post-Katrina Fall 2005,KATBF-2005-23,Litopenaeus setiferus,1
72314,Barataria Bay Post-Katrina Fall 2005,KATBF-2005-23,Litopenaeus setiferus,1
72315,Barataria Bay Post-Katrina Fall 2005,KATBF-2005-24,Litopenaeus setiferus,1
72316,Barataria Bay Post-Katrina Fall 2005,KATBF-2005-25,Farfantepenaeus aztecus,1
72317,Barataria Bay Post-Katrina Fall 2005,KATBF-2005-25,Farfantepenaeus aztecus,1
72318,Barataria Bay Post-Katrina Fall 2005,KATBF-2005-25,Farfantepenaeus aztecus,1
72319,Barataria Bay Post-Katrina Fall 2005,KATBF-2005-26,Farfantepenaeus aztecus,1
72320,Barataria Bay Post-Katrina Fall 2005,KATBF-2005-26,Farfantepenaeus aztecus,1
72321,Barataria Bay Post-Katrina Fall 2005,KATBF-2005-26,Farfantepenaeus sp.,1
72322,Barataria Bay Post-Katrina Fall 2005,KATBF-2005-26,Farfantepenaeus sp.,1
72323,Barataria Bay Post-Katrina Fall 2005,KATBF-2005-26,Farfantepenaeus sp.,1
72324,Barataria Bay Post-Katrina Fall 2005,KATBF-2005-26,Farfantepenaeus sp.,1
72325,Barataria Bay Post-Katrina Fall 2005,KATBF-2005-26,Farfantepenaeus sp.,1
72326,Barataria Bay Post-Katrina Fall 2005,KATBF-2005-27,No species collected,0
72327,Barataria Bay Post-Katrina Fall 2005,KATBF-2005-28,Farfantepenaeus sp.,1
72328,Barataria Bay Post-Katrina Fall 2005,KATBF-2005-29,Farfantepenaeus aztecus,1
72329,Barataria Bay Post-Katrina Fall 2005,KATBF-2005-30,No species collected,0
72330,Barataria Bay Post-Katrina Fall 2005,KATBF-2005-31,No species collected,0
72346,Barataria Bay Post-Katrina Fall 2005,KATBF-2005-32,Farfantepenaeus aztecus,1
72332,Barataria Bay Post-Katrina Fall 2005,KATBF-2005-32,Litopenaeus setiferus,1
72333,Barataria Bay Post-Katrina Fall 2005,KATBF-2005-32,Litopenaeus setiferus,1
72334,Barataria Bay Post-Katrina Fall 2005,KATBF-2005-32,Litopenaeus setiferus,1
72335,Barataria Bay Post-Katrina Fall 2005,KATBF-2005-32,Litopenaeus setiferus,1
72336,Barataria Bay Post-Katrina Fall 2005,KATBF-2005-32,Litopenaeus setiferus,1
72337,Barataria Bay Post-Katrina Fall 2005,KATBF-2005-32,Litopenaeus setiferus,1
72338,Barataria Bay Post-Katrina Fall 2005,KATBF-2005-32,Litopenaeus setiferus,1
72339,Barataria Bay Post-Katrina Fall 2005,KATBF-2005-32,Litopenaeus setiferus,1
72340,Barataria Bay Post-Katrina Fall 2005,KATBF-2005-32,Litopenaeus setiferus,1
72341,Barataria Bay Post-Katrina Fall 2005,KATBF-2005-32,Litopenaeus setiferus,1
72342,Barataria Bay Post-Katrina Fall 2005,KATBF-2005-32,Litopenaeus setiferus,1
72343,Barataria Bay Post-Katrina Fall 2005,KATBF-2005-32,Litopenaeus setiferus,1
72344,Barataria Bay Post-Katrina Fall 2005,KATBF-2005-32,Litopenaeus setiferus,1
72345,Barataria Bay Post-Katrina Fall 2005,KATBF-2005-32,Litopenaeus setiferus,1
72347,Barataria Bay Post-Katrina Fall 2005,KATBF-2005-33,Litopenaeus setiferus,1
72348,Barataria Bay Post-Katrina Fall 2005,KATBF-2005-33,Litopenaeus setiferus,1
72349,Barataria Bay Post-Katrina Fall 2005,KATBF-2005-33,Litopenaeus setiferus,1
72350,Barataria Bay Post-Katrina Fall 2005,KATBF-2005-34,No species collected,0
72351,Barataria Bay Post-Katrina Fall 2005,KATBF-2005-35,Litopenaeus setiferus,1
72352,Barataria Bay Post-Katrina Fall 2005,KATBF-2005-36,Litopenaeus setiferus,1
72353,Barataria Bay Post-Katrina Fall 2005,KATBF-2005-37,Litopenaeus setiferus,1
72354,Barataria Bay Post-Katrina Fall 2005,KATBF-2005-38,Rimapenaeus similis,1
72355,Barataria Bay Post-Katrina Fall 2005,KATBF-2005-38,Rimapenaeus sp.,1
72356,Barataria Bay Post-Katrina Fall 2005,KATBF-2005-38,Rimapenaeus sp.,1
72357,Barataria Bay Post-Katrina Fall 2005,KATBF-2005-39,Litopenaeus setiferus,1
72358,Barataria Bay Post-Katrina Fall 2005,KATBF-2005-39,Litopenaeus setiferus,1
72359,Barataria Bay Post-Katrina Fall 2005,KATBF-2005-40,No species collected,0
72360,Barataria Bay Post-Katrina Fall 2005,KATBF-2005-41,No species collected,0
72361,Barataria Bay Post-Katrina Fall 2005,KATBF-2005-42,No species collected,0
72362,Barataria Bay Post-Katrina Fall 2005,KATBF-2005-43,Litopenaeus setiferus,1
72363,Barataria Bay Post-Katrina Fall 2005,KATBF-2005-44,Litopenaeus setiferus,1
72364,Barataria Bay Post-Katrina Fall 2005,KATBF-2005-44,Litopenaeus setiferus,1
72365,Barataria Bay Post-Katrina Fall 2005,KATBF-2005-44,Litopenaeus setiferus,1
72366,Barataria Bay Post-Katrina Fall 2005,KATBF-2005-45,Rimapenaeus similis,1
72367,Barataria Bay Post-Katrina Fall 2005,KATBF-2005-46,No species collected,0
72368,Barataria Bay Post-Katrina Fall 2005,KATBF-2005-47,Farfantepenaeus sp.,1
72372,Barataria Bay Post-Katrina Fall 2005,KATBF-2005-48,Farfantepenaeus aztecus,1
72373,Barataria Bay Post-Katrina Fall 2005,KATBF-2005-49,No species collected,0
72374,Barataria Bay Post-Katrina Fall 2005,KATBF-2005-50,Farfantepenaeus aztecus,1
72375,Barataria Bay Post-Katrina Fall 2005,KATBF-2005-51,No species collected,0
72376,Barataria Bay Post-Katrina Fall 2005,KATBF-2005-52,No species collected,0
72377,Barataria Bay Post-Katrina Fall 2005,KATBF-2005-53,No species collected,0
72378,Barataria Bay Post-Katrina Fall 2005,KATBF-2005-54,No species collected,0
72379,Barataria Bay Post-Katrina Fall 2005,KATBF-2005-55,No species collected,0
72380,Barataria Bay Post-Katrina Fall 2005,KATBF-2005-56,No species collected,0
72381,Barataria Bay Post-Katrina Fall 2005,KATBF-2005-57,Litopenaeus setiferus,1
72382,Barataria Bay Post-Katrina Fall 2005,KATBF-2005-58,No species collected,0
72383,Barataria Bay Post-Katrina Fall 2005,KATBF-2005-59,No species collected,0
72384,Barataria Bay Post-Katrina Fall 2005,KATBF-2005-60,No species collected,0
72385,Barataria Bay Post-Katrina Fall 2005,KATBF-2005-61,No species collected,0
72386,Barataria Bay Post-Katrina Fall 2005,KATBF-2005-62,No species collected,0
72396,Barataria Bay Post-Katrina Fall 2005,KATBF-2005-63,Farfantepenaeus aztecus,1
72397,Barataria Bay Post-Katrina Fall 2005,KATBF-2005-63,Farfantepenaeus aztecus,1
72398,Barataria Bay Post-Katrina Fall 2005,KATBF-2005-63,Farfantepenaeus aztecus,1
72387,Barataria Bay Post-Katrina Fall 2005,KATBF-2005-63,Litopenaeus setiferus,1
72388,Barataria Bay Post-Katrina Fall 2005,KATBF-2005-63,Litopenaeus setiferus,1
72389,Barataria Bay Post-Katrina Fall 2005,KATBF-2005-63,Litopenaeus setiferus,1
72390,Barataria Bay Post-Katrina Fall 2005,KATBF-2005-63,Litopenaeus setiferus,1
72391,Barataria Bay Post-Katrina Fall 2005,KATBF-2005-63,Litopenaeus setiferus,1
72392,Barataria Bay Post-Katrina Fall 2005,KATBF-2005-63,Litopenaeus setiferus,1
72393,Barataria Bay Post-Katrina Fall 2005,KATBF-2005-63,Litopenaeus setiferus,1
72394,Barataria Bay Post-Katrina Fall 2005,KATBF-2005-63,Litopenaeus setiferus,1
72395,Barataria Bay Post-Katrina Fall 2005,KATBF-2005-63,Litopenaeus setiferus,1
71753,Barataria Bay RC Pre-Katrina Spring 2005,KATBS-2005-01,Farfantepenaeus aztecus,1
71754,Barataria Bay RC Pre-Katrina Spring 2005,KATBS-2005-01,Farfantepenaeus aztecus,1
71755,Barataria Bay RC Pre-Katrina Spring 2005,KATBS-2005-01,Farfantepenaeus aztecus,1
71756,Barataria Bay RC Pre-Katrina Spring 2005,KATBS-2005-01,Farfantepenaeus aztecus,1
71757,Barataria Bay RC Pre-Katrina Spring 2005,KATBS-2005-02,Farfantepenaeus aztecus,1
71758,Barataria Bay RC Pre-Katrina Spring 2005,KATBS-2005-03,No species collected,0
71759,Barataria Bay RC Pre-Katrina Spring 2005,KATBS-2005-04,Farfantepenaeus aztecus,1
71760,Barataria Bay RC Pre-Katrina Spring 2005,KATBS-2005-04,Farfantepenaeus aztecus,1
71761,Barataria Bay RC Pre-Katrina Spring 2005,KATBS-2005-04,Farfantepenaeus aztecus,1
71762,Barataria Bay RC Pre-Katrina Spring 2005,KATBS-2005-04,Farfantepenaeus aztecus,1
71763,Barataria Bay RC Pre-Katrina Spring 2005,KATBS-2005-05,No species collected,0
71764,Barataria Bay RC Pre-Katrina Spring 2005,KATBS-2005-06,Farfantepenaeus aztecus,1
71765,Barataria Bay RC Pre-Katrina Spring 2005,KATBS-2005-07,No species collected,0
71766,Barataria Bay RC Pre-Katrina Spring 2005,KATBS-2005-08,Farfantepenaeus aztecus,1
71767,Barataria Bay RC Pre-Katrina Spring 2005,KATBS-2005-08,Farfantepenaeus aztecus,1
71768,Barataria Bay RC Pre-Katrina Spring 2005,KATBS-2005-08,Farfantepenaeus aztecus,1
71769,Barataria Bay RC Pre-Katrina Spring 2005,KATBS-2005-08,Farfantepenaeus aztecus,1
71770,Barataria Bay RC Pre-Katrina Spring 2005,KATBS-2005-08,Farfantepenaeus aztecus,1
71771,Barataria Bay RC Pre-Katrina Spring 2005,KATBS-2005-08,Farfantepenaeus aztecus,1
71772,Barataria Bay RC Pre-Katrina Spring 2005,KATBS-2005-08,Farfantepenaeus aztecus,1
71773,Barataria Bay RC Pre-Katrina Spring 2005,KATBS-2005-08,Farfantepenaeus aztecus,1
71774,Barataria Bay RC Pre-Katrina Spring 2005,KATBS-2005-08,Farfantepenaeus aztecus,1
71775,Barataria Bay RC Pre-Katrina Spring 2005,KATBS-2005-09,Farfantepenaeus aztecus,1
71776,Barataria Bay RC Pre-Katrina Spring 2005,KATBS-2005-09,Farfantepenaeus aztecus,1
71777,Barataria Bay RC Pre-Katrina Spring 2005,KATBS-2005-10,Farfantepenaeus aztecus,1
71778,Barataria Bay RC Pre-Katrina Spring 2005,KATBS-2005-10,Farfantepenaeus aztecus,1
71779,Barataria Bay RC Pre-Katrina Spring 2005,KATBS-2005-10,Farfantepenaeus aztecus,1
71780,Barataria Bay RC Pre-Katrina Spring 2005,KATBS-2005-10,Farfantepenaeus aztecus,1
71781,Barataria Bay RC Pre-Katrina Spring 2005,KATBS-2005-10,Farfantepenaeus aztecus,1
71782,Barataria Bay RC Pre-Katrina Spring 2005,KATBS-2005-10,Farfantepenaeus aztecus,1
71783,Barataria Bay RC Pre-Katrina Spring 2005,KATBS-2005-10,Farfantepenaeus aztecus,1
71784,Barataria Bay RC Pre-Katrina Spring 2005,KATBS-2005-11,Farfantepenaeus aztecus,1
71785,Barataria Bay RC Pre-Katrina Spring 2005,KATBS-2005-11,Farfantepenaeus aztecus,1
71786,Barataria Bay RC Pre-Katrina Spring 2005,KATBS-2005-11,Farfantepenaeus aztecus,1
71787,Barataria Bay RC Pre-Katrina Spring 2005,KATBS-2005-11,Farfantepenaeus aztecus,1
71788,Barataria Bay RC Pre-Katrina Spring 2005,KATBS-2005-11,Farfantepenaeus aztecus,1
71789,Barataria Bay RC Pre-Katrina Spring 2005,KATBS-2005-11,Farfantepenaeus aztecus,1
71790,Barataria Bay RC Pre-Katrina Spring 2005,KATBS-2005-11,Farfantepenaeus aztecus,1
71791,Barataria Bay RC Pre-Katrina Spring 2005,KATBS-2005-11,Farfantepenaeus aztecus,1
71792,Barataria Bay RC Pre-Katrina Spring 2005,KATBS-2005-11,Farfantepenaeus aztecus,1
71793,Barataria Bay RC Pre-Katrina Spring 2005,KATBS-2005-11,Farfantepenaeus aztecus,1
71794,Barataria Bay RC Pre-Katrina Spring 2005,KATBS-2005-11,Farfantepenaeus aztecus,1
71795,Barataria Bay RC Pre-Katrina Spring 2005,KATBS-2005-11,Farfantepenaeus aztecus,1
71796,Barataria Bay RC Pre-Katrina Spring 2005,KATBS-2005-12,Farfantepenaeus aztecus,1
71797,Barataria Bay RC Pre-Katrina Spring 2005,KATBS-2005-12,Farfantepenaeus aztecus,1
71798,Barataria Bay RC Pre-Katrina Spring 2005,KATBS-2005-12,Farfantepenaeus aztecus,1
71799,Barataria Bay RC Pre-Katrina Spring 2005,KATBS-2005-12,Farfantepenaeus aztecus,1
71800,Barataria Bay RC Pre-Katrina Spring 2005,KATBS-2005-12,Farfantepenaeus aztecus,1
71801,Barataria Bay RC Pre-Katrina Spring 2005,KATBS-2005-12,Farfantepenaeus aztecus,1
71802,Barataria Bay RC Pre-Katrina Spring 2005,KATBS-2005-12,Farfantepenaeus aztecus,1
71803,Barataria Bay RC Pre-Katrina Spring 2005,KATBS-2005-12,Farfantepenaeus aztecus,1
71804,Barataria Bay RC Pre-Katrina Spring 2005,KATBS-2005-12,Farfantepenaeus aztecus,1
71805,Barataria Bay RC Pre-Katrina Spring 2005,KATBS-2005-12,Farfantepenaeus aztecus,1
71806,Barataria Bay RC Pre-Katrina Spring 2005,KATBS-2005-12,Farfantepenaeus aztecus,1
71807,Barataria Bay RC Pre-Katrina Spring 2005,KATBS-2005-12,Farfantepenaeus aztecus,1
71808,Barataria Bay RC Pre-Katrina Spring 2005,KATBS-2005-12,Farfantepenaeus aztecus,1
71809,Barataria Bay RC Pre-Katrina Spring 2005,KATBS-2005-13,Farfantepenaeus aztecus,1
71810,Barataria Bay RC Pre-Katrina Spring 2005,KATBS-2005-13,Farfantepenaeus aztecus,1
71811,Barataria Bay RC Pre-Katrina Spring 2005,KATBS-2005-13,Farfantepenaeus aztecus,1
71812,Barataria Bay RC Pre-Katrina Spring 2005,KATBS-2005-13,Farfantepenaeus aztecus,1
71813,Barataria Bay RC Pre-Katrina Spring 2005,KATBS-2005-13,Farfantepenaeus aztecus,1
71815,Barataria Bay RC Pre-Katrina Spring 2005,KATBS-2005-13,Farfantepenaeus aztecus,1
71816,Barataria Bay RC Pre-Katrina Spring 2005,KATBS-2005-13,Farfantepenaeus aztecus,1
71817,Barataria Bay RC Pre-Katrina Spring 2005,KATBS-2005-13,Farfantepenaeus aztecus,1
71818,Barataria Bay RC Pre-Katrina Spring 2005,KATBS-2005-13,Farfantepenaeus aztecus,1
71819,Barataria Bay RC Pre-Katrina Spring 2005,KATBS-2005-13,Farfantepenaeus aztecus,1
71820,Barataria Bay RC Pre-Katrina Spring 2005,KATBS-2005-13,Farfantepenaeus aztecus,1
71821,Barataria Bay RC Pre-Katrina Spring 2005,KATBS-2005-13,Farfantepenaeus aztecus,1
71822,Barataria Bay RC Pre-Katrina Spring 2005,KATBS-2005-13,Farfantepenaeus aztecus,1
71823,Barataria Bay RC Pre-Katrina Spring 2005,KATBS-2005-13,Farfantepenaeus aztecus,1
71824,Barataria Bay RC Pre-Katrina Spring 2005,KATBS-2005-13,Farfantepenaeus aztecus,1
71825,Barataria Bay RC Pre-Katrina Spring 2005,KATBS-2005-13,Farfantepenaeus aztecus,1
71832,Barataria Bay RC Pre-Katrina Spring 2005,KATBS-2005-14,Farfantepenaeus aztecus,1
71833,Barataria Bay RC Pre-Katrina Spring 2005,KATBS-2005-14,Farfantepenaeus aztecus,1
71834,Barataria Bay RC Pre-Katrina Spring 2005,KATBS-2005-14,Farfantepenaeus aztecus,1
71835,Barataria Bay RC Pre-Katrina Spring 2005,KATBS-2005-14,Farfantepenaeus aztecus,1
71836,Barataria Bay RC Pre-Katrina Spring 2005,KATBS-2005-14,Farfantepenaeus aztecus,1
71837,Barataria Bay RC Pre-Katrina Spring 2005,KATBS-2005-14,Farfantepenaeus aztecus,1
71838,Barataria Bay RC Pre-Katrina Spring 2005,KATBS-2005-14,Farfantepenaeus aztecus,1
71839,Barataria Bay RC Pre-Katrina Spring 2005,KATBS-2005-14,Farfantepenaeus aztecus,1
71840,Barataria Bay RC Pre-Katrina Spring 2005,KATBS-2005-14,Farfantepenaeus aztecus,1
71841,Barataria Bay RC Pre-Katrina Spring 2005,KATBS-2005-14,Farfantepenaeus aztecus,1
71842,Barataria Bay RC Pre-Katrina Spring 2005,KATBS-2005-14,Farfantepenaeus aztecus,1
71843,Barataria Bay RC Pre-Katrina Spring 2005,KATBS-2005-14,Farfantepenaeus aztecus,1
71844,Barataria Bay RC Pre-Katrina Spring 2005,KATBS-2005-14,Farfantepenaeus aztecus,1
71845,Barataria Bay RC Pre-Katrina Spring 2005,KATBS-2005-14,Farfantepenaeus aztecus,1
71826,Barataria Bay RC Pre-Katrina Spring 2005,KATBS-2005-14,Farfantepenaeus aztecus,1
71827,Barataria Bay RC Pre-Katrina Spring 2005,KATBS-2005-14,Farfantepenaeus aztecus,1
71828,Barataria Bay RC Pre-Katrina Spring 2005,KATBS-2005-14,Farfantepenaeus aztecus,1
71829,Barataria Bay RC Pre-Katrina Spring 2005,KATBS-2005-14,Farfantepenaeus aztecus,1
71830,Barataria Bay RC Pre-Katrina Spring 2005,KATBS-2005-14,Farfantepenaeus aztecus,1
71831,Barataria Bay RC Pre-Katrina Spring 2005,KATBS-2005-14,Farfantepenaeus aztecus,1
71846,Barataria Bay RC Pre-Katrina Spring 2005,KATBS-2005-15,Farfantepenaeus aztecus,1
71847,Barataria Bay RC Pre-Katrina Spring 2005,KATBS-2005-15,Farfantepenaeus aztecus,1
71848,Barataria Bay RC Pre-Katrina Spring 2005,KATBS-2005-15,Farfantepenaeus aztecus,1
71849,Barataria Bay RC Pre-Katrina Spring 2005,KATBS-2005-15,Farfantepenaeus aztecus,1
71850,Barataria Bay RC Pre-Katrina Spring 2005,KATBS-2005-15,Farfantepenaeus aztecus,1
71851,Barataria Bay RC Pre-Katrina Spring 2005,KATBS-2005-15,Farfantepenaeus aztecus,1
71852,Barataria Bay RC Pre-Katrina Spring 2005,KATBS-2005-15,Farfantepenaeus aztecus,1
71853,Barataria Bay RC Pre-Katrina Spring 2005,KATBS-2005-15,Farfantepenaeus aztecus,1
71854,Barataria Bay RC Pre-Katrina Spring 2005,KATBS-2005-15,Farfantepenaeus aztecus,1
71855,Barataria Bay RC Pre-Katrina Spring 2005,KATBS-2005-15,Farfantepenaeus aztecus,1
71856,Barataria Bay RC Pre-Katrina Spring 2005,KATBS-2005-15,Farfantepenaeus aztecus,1
71857,Barataria Bay RC Pre-Katrina Spring 2005,KATBS-2005-15,Farfantepenaeus aztecus,1
71858,Barataria Bay RC Pre-Katrina Spring 2005,KATBS-2005-15,Farfantepenaeus aztecus,1
71859,Barataria Bay RC Pre-Katrina Spring 2005,KATBS-2005-16,Farfantepenaeus aztecus,1
71860,Barataria Bay RC Pre-Katrina Spring 2005,KATBS-2005-16,Farfantepenaeus aztecus,1
71861,Barataria Bay RC Pre-Katrina Spring 2005,KATBS-2005-16,Farfantepenaeus aztecus,1
71862,Barataria Bay RC Pre-Katrina Spring 2005,KATBS-2005-16,Farfantepenaeus aztecus,1
71863,Barataria Bay RC Pre-Katrina Spring 2005,KATBS-2005-16,Farfantepenaeus aztecus,1
71864,Barataria Bay RC Pre-Katrina Spring 2005,KATBS-2005-16,Farfantepenaeus aztecus,1
71865,Barataria Bay RC Pre-Katrina Spring 2005,KATBS-2005-16,Farfantepenaeus aztecus,1
71866,Barataria Bay RC Pre-Katrina Spring 2005,KATBS-2005-16,Farfantepenaeus aztecus,1
71867,Barataria Bay RC Pre-Katrina Spring 2005,KATBS-2005-16,Farfantepenaeus aztecus,1
71868,Barataria Bay RC Pre-Katrina Spring 2005,KATBS-2005-16,Farfantepenaeus aztecus,1
71869,Barataria Bay RC Pre-Katrina Spring 2005,KATBS-2005-17,Farfantepenaeus aztecus,1
71870,Barataria Bay RC Pre-Katrina Spring 2005,KATBS-2005-17,Farfantepenaeus aztecus,1
71871,Barataria Bay RC Pre-Katrina Spring 2005,KATBS-2005-17,Farfantepenaeus aztecus,1
71872,Barataria Bay RC Pre-Katrina Spring 2005,KATBS-2005-17,Farfantepenaeus aztecus,1
71873,Barataria Bay RC Pre-Katrina Spring 2005,KATBS-2005-17,Farfantepenaeus aztecus,1
71874,Barataria Bay RC Pre-Katrina Spring 2005,KATBS-2005-17,Farfantepenaeus aztecus,1
71875,Barataria Bay RC Pre-Katrina Spring 2005,KATBS-2005-17,Farfantepenaeus aztecus,1
71876,Barataria Bay RC Pre-Katrina Spring 2005,KATBS-2005-18,Farfantepenaeus aztecus,1
71814,Barataria Bay RC Pre-Katrina Spring 2005,KATBS-2005-19,No species collected,0
71915,Barataria Bay RC Pre-Katrina Spring 2005,KATBS-2005-20,No species collected,0
71916,Barataria Bay RC Pre-Katrina Spring 2005,KATBS-2005-21,Farfantepenaeus aztecus,1
71917,Barataria Bay RC Pre-Katrina Spring 2005,KATBS-2005-22,Farfantepenaeus aztecus,1
71918,Barataria Bay RC Pre-Katrina Spring 2005,KATBS-2005-22,Farfantepenaeus aztecus,1
71919,Barataria Bay RC Pre-Katrina Spring 2005,KATBS-2005-22,Farfantepenaeus aztecus,1
71920,Barataria Bay RC Pre-Katrina Spring 2005,KATBS-2005-22,Farfantepenaeus aztecus,1
71921,Barataria Bay RC Pre-Katrina Spring 2005,KATBS-2005-22,Farfantepenaeus aztecus,1
71922,Barataria Bay RC Pre-Katrina Spring 2005,KATBS-2005-22,Farfantepenaeus aztecus,1
71923,Barataria Bay RC Pre-Katrina Spring 2005,KATBS-2005-22,Farfantepenaeus aztecus,1
71924,Barataria Bay RC Pre-Katrina Spring 2005,KATBS-2005-22,Farfantepenaeus aztecus,1
71925,Barataria Bay RC Pre-Katrina Spring 2005,KATBS-2005-22,Farfantepenaeus aztecus,1
71926,Barataria Bay RC Pre-Katrina Spring 2005,KATBS-2005-22,Farfantepenaeus aztecus,1
71927,Barataria Bay RC Pre-Katrina Spring 2005,KATBS-2005-22,Farfantepenaeus aztecus,1
71928,Barataria Bay RC Pre-Katrina Spring 2005,KATBS-2005-22,Farfantepenaeus aztecus,1
71929,Barataria Bay RC Pre-Katrina Spring 2005,KATBS-2005-22,Farfantepenaeus aztecus,1
71930,Barataria Bay RC Pre-Katrina Spring 2005,KATBS-2005-22,Farfantepenaeus aztecus,1
71931,Barataria Bay RC Pre-Katrina Spring 2005,KATBS-2005-22,Farfantepenaeus aztecus,1
71877,Barataria Bay RC Pre-Katrina Spring 2005,KATBS-2005-23,Farfantepenaeus aztecus,1
71878,Barataria Bay RC Pre-Katrina Spring 2005,KATBS-2005-23,Farfantepenaeus aztecus,1
71879,Barataria Bay RC Pre-Katrina Spring 2005,KATBS-2005-23,Farfantepenaeus aztecus,1
71880,Barataria Bay RC Pre-Katrina Spring 2005,KATBS-2005-23,Farfantepenaeus aztecus,1
71881,Barataria Bay RC Pre-Katrina Spring 2005,KATBS-2005-23,Farfantepenaeus aztecus,1
71882,Barataria Bay RC Pre-Katrina Spring 2005,KATBS-2005-23,Farfantepenaeus aztecus,1
71883,Barataria Bay RC Pre-Katrina Spring 2005,KATBS-2005-23,Farfantepenaeus aztecus,1
71884,Barataria Bay RC Pre-Katrina Spring 2005,KATBS-2005-23,Farfantepenaeus aztecus,1
71885,Barataria Bay RC Pre-Katrina Spring 2005,KATBS-2005-23,Farfantepenaeus aztecus,1
71886,Barataria Bay RC Pre-Katrina Spring 2005,KATBS-2005-23,Farfantepenaeus aztecus,1
71887,Barataria Bay RC Pre-Katrina Spring 2005,KATBS-2005-24,Farfantepenaeus aztecus,1
71888,Barataria Bay RC Pre-Katrina Spring 2005,KATBS-2005-24,Farfantepenaeus aztecus,1
71889,Barataria Bay RC Pre-Katrina Spring 2005,KATBS-2005-25,No species collected,0
71890,Barataria Bay RC Pre-Katrina Spring 2005,KATBS-2005-26,Farfantepenaeus aztecus,1
71891,Barataria Bay RC Pre-Katrina Spring 2005,KATBS-2005-26,Farfantepenaeus aztecus,1
71892,Barataria Bay RC Pre-Katrina Spring 2005,KATBS-2005-26,Farfantepenaeus aztecus,1
71893,Barataria Bay RC Pre-Katrina Spring 2005,KATBS-2005-26,Farfantepenaeus aztecus,1
71894,Barataria Bay RC Pre-Katrina Spring 2005,KATBS-2005-26,Farfantepenaeus aztecus,1
71895,Barataria Bay RC Pre-Katrina Spring 2005,KATBS-2005-26,Farfantepenaeus aztecus,1
71896,Barataria Bay RC Pre-Katrina Spring 2005,KATBS-2005-26,Farfantepenaeus aztecus,1
71897,Barataria Bay RC Pre-Katrina Spring 2005,KATBS-2005-26,Farfantepenaeus aztecus,1
71898,Barataria Bay RC Pre-Katrina Spring 2005,KATBS-2005-26,Farfantepenaeus aztecus,1
71899,Barataria Bay RC Pre-Katrina Spring 2005,KATBS-2005-26,Farfantepenaeus aztecus,1
71900,Barataria Bay RC Pre-Katrina Spring 2005,KATBS-2005-26,Farfantepenaeus aztecus,1
71901,Barataria Bay RC Pre-Katrina Spring 2005,KATBS-2005-26,Farfantepenaeus aztecus,1
71902,Barataria Bay RC Pre-Katrina Spring 2005,KATBS-2005-26,Farfantepenaeus aztecus,1
71903,Barataria Bay RC Pre-Katrina Spring 2005,KATBS-2005-26,Farfantepenaeus aztecus,1
71904,Barataria Bay RC Pre-Katrina Spring 2005,KATBS-2005-26,Farfantepenaeus aztecus,1
71905,Barataria Bay RC Pre-Katrina Spring 2005,KATBS-2005-27,Farfantepenaeus aztecus,1
71906,Barataria Bay RC Pre-Katrina Spring 2005,KATBS-2005-27,Farfantepenaeus aztecus,1
71907,Barataria Bay RC Pre-Katrina Spring 2005,KATBS-2005-27,Farfantepenaeus aztecus,1
71908,Barataria Bay RC Pre-Katrina Spring 2005,KATBS-2005-27,Farfantepenaeus aztecus,1
71909,Barataria Bay RC Pre-Katrina Spring 2005,KATBS-2005-27,Farfantepenaeus aztecus,1
71910,Barataria Bay RC Pre-Katrina Spring 2005,KATBS-2005-28,No species collected,0
71911,Barataria Bay RC Pre-Katrina Spring 2005,KATBS-2005-29,No species collected,0
71912,Barataria Bay RC Pre-Katrina Spring 2005,KATBS-2005-30,Farfantepenaeus aztecus,1
71913,Barataria Bay RC Pre-Katrina Spring 2005,KATBS-2005-30,Farfantepenaeus aztecus,1
71914,Barataria Bay RC Pre-Katrina Spring 2005,KATBS-2005-31,No species collected,0
71935,Barataria Bay RC Pre-Katrina Spring 2005,KATBS-2005-32,No species collected,0
71932,Barataria Bay RC Pre-Katrina Spring 2005,KATBS-2005-33,Farfantepenaeus aztecus,1
71933,Barataria Bay RC Pre-Katrina Spring 2005,KATBS-2005-33,Farfantepenaeus aztecus,1
71934,Barataria Bay RC Pre-Katrina Spring 2005,KATBS-2005-33,Farfantepenaeus aztecus,1
71936,Barataria Bay RC Pre-Katrina Spring 2005,KATBS-2005-34,Farfantepenaeus aztecus,1
71937,Barataria Bay RC Pre-Katrina Spring 2005,KATBS-2005-34,Farfantepenaeus aztecus,1
71938,Barataria Bay RC Pre-Katrina Spring 2005,KATBS-2005-34,Farfantepenaeus aztecus,1
71939,Barataria Bay RC Pre-Katrina Spring 2005,KATBS-2005-35,Farfantepenaeus aztecus,1
71940,Barataria Bay RC Pre-Katrina Spring 2005,KATBS-2005-35,Farfantepenaeus aztecus,1
71941,Barataria Bay RC Pre-Katrina Spring 2005,KATBS-2005-35,Farfantepenaeus aztecus,1
71942,Barataria Bay RC Pre-Katrina Spring 2005,KATBS-2005-35,Farfantepenaeus aztecus,1
71943,Barataria Bay RC Pre-Katrina Spring 2005,KATBS-2005-36,Farfantepenaeus aztecus,1
71944,Barataria Bay RC Pre-Katrina Spring 2005,KATBS-2005-36,Farfantepenaeus aztecus,1
71945,Barataria Bay RC Pre-Katrina Spring 2005,KATBS-2005-36,Farfantepenaeus aztecus,1
71946,Barataria Bay RC Pre-Katrina Spring 2005,KATBS-2005-37,Farfantepenaeus aztecus,1
71947,Barataria Bay RC Pre-Katrina Spring 2005,KATBS-2005-37,Farfantepenaeus aztecus,1
71948,Barataria Bay RC Pre-Katrina Spring 2005,KATBS-2005-37,Farfantepenaeus aztecus,1
71949,Barataria Bay RC Pre-Katrina Spring 2005,KATBS-2005-37,Farfantepenaeus aztecus,1
71950,Barataria Bay RC Pre-Katrina Spring 2005,KATBS-2005-37,Farfantepenaeus aztecus,1
71951,Barataria Bay RC Pre-Katrina Spring 2005,KATBS-2005-37,Farfantepenaeus aztecus,1
71952,Barataria Bay RC Pre-Katrina Spring 2005,KATBS-2005-37,Farfantepenaeus aztecus,1
71953,Barataria Bay RC Pre-Katrina Spring 2005,KATBS-2005-38,Farfantepenaeus aztecus,1
71954,Barataria Bay RC Pre-Katrina Spring 2005,KATBS-2005-38,Farfantepenaeus aztecus,1
71955,Barataria Bay RC Pre-Katrina Spring 2005,KATBS-2005-38,Farfantepenaeus aztecus,1
71956,Barataria Bay RC Pre-Katrina Spring 2005,KATBS-2005-38,Farfantepenaeus aztecus,1
71957,Barataria Bay RC Pre-Katrina Spring 2005,KATBS-2005-38,Farfantepenaeus aztecus,1
71958,Barataria Bay RC Pre-Katrina Spring 2005,KATBS-2005-38,Farfantepenaeus aztecus,1
71959,Barataria Bay RC Pre-Katrina Spring 2005,KATBS-2005-38,Farfantepenaeus aztecus,1
71960,Barataria Bay RC Pre-Katrina Spring 2005,KATBS-2005-38,Farfantepenaeus aztecus,1
71961,Barataria Bay RC Pre-Katrina Spring 2005,KATBS-2005-38,Farfantepenaeus aztecus,1
71962,Barataria Bay RC Pre-Katrina Spring 2005,KATBS-2005-38,Farfantepenaeus aztecus,1
71963,Barataria Bay RC Pre-Katrina Spring 2005,KATBS-2005-38,Farfantepenaeus aztecus,1
71964,Barataria Bay RC Pre-Katrina Spring 2005,KATBS-2005-38,Farfantepenaeus aztecus,1
71965,Barataria Bay RC Pre-Katrina Spring 2005,KATBS-2005-38,Farfantepenaeus aztecus,1
71966,Barataria Bay RC Pre-Katrina Spring 2005,KATBS-2005-38,Farfantepenaeus aztecus,1
71967,Barataria Bay RC Pre-Katrina Spring 2005,KATBS-2005-38,Farfantepenaeus aztecus,1
71968,Barataria Bay RC Pre-Katrina Spring 2005,KATBS-2005-38,Farfantepenaeus aztecus,1
71969,Barataria Bay RC Pre-Katrina Spring 2005,KATBS-2005-38,Farfantepenaeus aztecus,1
71970,Barataria Bay RC Pre-Katrina Spring 2005,KATBS-2005-38,Farfantepenaeus aztecus,1
71971,Barataria Bay RC Pre-Katrina Spring 2005,KATBS-2005-38,Farfantepenaeus aztecus,1
71972,Barataria Bay RC Pre-Katrina Spring 2005,KATBS-2005-38,Farfantepenaeus aztecus,1
71973,Barataria Bay RC Pre-Katrina Spring 2005,KATBS-2005-38,Farfantepenaeus aztecus,1
71974,Barataria Bay RC Pre-Katrina Spring 2005,KATBS-2005-38,Farfantepenaeus aztecus,1
71975,Barataria Bay RC Pre-Katrina Spring 2005,KATBS-2005-38,Farfantepenaeus aztecus,1
71976,Barataria Bay RC Pre-Katrina Spring 2005,KATBS-2005-38,Farfantepenaeus aztecus,1
71977,Barataria Bay RC Pre-Katrina Spring 2005,KATBS-2005-38,Farfantepenaeus aztecus,1
72037,Barataria Bay RC Pre-Katrina Spring 2005,KATBS-2005-38,Farfantepenaeus aztecus,1
72038,Barataria Bay RC Pre-Katrina Spring 2005,KATBS-2005-38,Farfantepenaeus aztecus,1
72039,Barataria Bay RC Pre-Katrina Spring 2005,KATBS-2005-38,Farfantepenaeus aztecus,1
72040,Barataria Bay RC Pre-Katrina Spring 2005,KATBS-2005-38,Farfantepenaeus aztecus,1
71978,Barataria Bay RC Pre-Katrina Spring 2005,KATBS-2005-39,Farfantepenaeus aztecus,1
71979,Barataria Bay RC Pre-Katrina Spring 2005,KATBS-2005-39,Farfantepenaeus aztecus,1
71980,Barataria Bay RC Pre-Katrina Spring 2005,KATBS-2005-39,Farfantepenaeus aztecus,1
71981,Barataria Bay RC Pre-Katrina Spring 2005,KATBS-2005-39,Farfantepenaeus aztecus,1
71982,Barataria Bay RC Pre-Katrina Spring 2005,KATBS-2005-40,Farfantepenaeus aztecus,1
71983,Barataria Bay RC Pre-Katrina Spring 2005,KATBS-2005-41,Farfantepenaeus aztecus,1
71984,Barataria Bay RC Pre-Katrina Spring 2005,KATBS-2005-42,Farfantepenaeus aztecus,1
71985,Barataria Bay RC Pre-Katrina Spring 2005,KATBS-2005-42,Farfantepenaeus aztecus,1
71986,Barataria Bay RC Pre-Katrina Spring 2005,KATBS-2005-42,Farfantepenaeus aztecus,1
71987,Barataria Bay RC Pre-Katrina Spring 2005,KATBS-2005-43,Farfantepenaeus aztecus,1
71988,Barataria Bay RC Pre-Katrina Spring 2005,KATBS-2005-43,Farfantepenaeus aztecus,1
71989,Barataria Bay RC Pre-Katrina Spring 2005,KATBS-2005-44,No species collected,0
71990,Barataria Bay RC Pre-Katrina Spring 2005,KATBS-2005-45,Farfantepenaeus aztecus,1
71991,Barataria Bay RC Pre-Katrina Spring 2005,KATBS-2005-45,Farfantepenaeus aztecus,1
71992,Barataria Bay RC Pre-Katrina Spring 2005,KATBS-2005-45,Farfantepenaeus aztecus,1
71993,Barataria Bay RC Pre-Katrina Spring 2005,KATBS-2005-46,Farfantepenaeus aztecus,1
71994,Barataria Bay RC Pre-Katrina Spring 2005,KATBS-2005-47,Farfantepenaeus aztecus,1
71995,Barataria Bay RC Pre-Katrina Spring 2005,KATBS-2005-47,Farfantepenaeus aztecus,1
71996,Barataria Bay RC Pre-Katrina Spring 2005,KATBS-2005-47,Farfantepenaeus aztecus,1
71997,Barataria Bay RC Pre-Katrina Spring 2005,KATBS-2005-48,Farfantepenaeus aztecus,1
71998,Barataria Bay RC Pre-Katrina Spring 2005,KATBS-2005-49,Farfantepenaeus aztecus,1
71999,Barataria Bay RC Pre-Katrina Spring 2005,KATBS-2005-49,Farfantepenaeus aztecus,1
72000,Barataria Bay RC Pre-Katrina Spring 2005,KATBS-2005-50,No species collected,0
72001,Barataria Bay RC Pre-Katrina Spring 2005,KATBS-2005-51,Farfantepenaeus aztecus,1
72002,Barataria Bay RC Pre-Katrina Spring 2005,KATBS-2005-51,Farfantepenaeus aztecus,1
72003,Barataria Bay RC Pre-Katrina Spring 2005,KATBS-2005-51,Farfantepenaeus aztecus,1
72004,Barataria Bay RC Pre-Katrina Spring 2005,KATBS-2005-51,Farfantepenaeus aztecus,1
72005,Barataria Bay RC Pre-Katrina Spring 2005,KATBS-2005-51,Farfantepenaeus aztecus,1
72006,Barataria Bay RC Pre-Katrina Spring 2005,KATBS-2005-51,Farfantepenaeus aztecus,1
72007,Barataria Bay RC Pre-Katrina Spring 2005,KATBS-2005-51,Farfantepenaeus aztecus,1
72008,Barataria Bay RC Pre-Katrina Spring 2005,KATBS-2005-51,Farfantepenaeus aztecus,1
72009,Barataria Bay RC Pre-Katrina Spring 2005,KATBS-2005-51,Farfantepenaeus aztecus,1
72010,Barataria Bay RC Pre-Katrina Spring 2005,KATBS-2005-51,Farfantepenaeus aztecus,1
72011,Barataria Bay RC Pre-Katrina Spring 2005,KATBS-2005-52,Farfantepenaeus aztecus,1
72012,Barataria Bay RC Pre-Katrina Spring 2005,KATBS-2005-52,Farfantepenaeus aztecus,1
72013,Barataria Bay RC Pre-Katrina Spring 2005,KATBS-2005-52,Farfantepenaeus aztecus,1
72014,Barataria Bay RC Pre-Katrina Spring 2005,KATBS-2005-52,Farfantepenaeus aztecus,1
72015,Barataria Bay RC Pre-Katrina Spring 2005,KATBS-2005-52,Farfantepenaeus aztecus,1
72016,Barataria Bay RC Pre-Katrina Spring 2005,KATBS-2005-53,No species collected,0
72017,Barataria Bay RC Pre-Katrina Spring 2005,KATBS-2005-54,Farfantepenaeus aztecus,1
72018,Barataria Bay RC Pre-Katrina Spring 2005,KATBS-2005-54,Farfantepenaeus aztecus,1
72019,Barataria Bay RC Pre-Katrina Spring 2005,KATBS-2005-55,Farfantepenaeus aztecus,1
72020,Barataria Bay RC Pre-Katrina Spring 2005,KATBS-2005-55,Farfantepenaeus aztecus,1
72021,Barataria Bay RC Pre-Katrina Spring 2005,KATBS-2005-56,No species collected,0
72022,Barataria Bay RC Pre-Katrina Spring 2005,KATBS-2005-57,No species collected,0
72023,Barataria Bay RC Pre-Katrina Spring 2005,KATBS-2005-58,Farfantepenaeus aztecus,1
72024,Barataria Bay RC Pre-Katrina Spring 2005,KATBS-2005-58,Farfantepenaeus aztecus,1
72025,Barataria Bay RC Pre-Katrina Spring 2005,KATBS-2005-59,No species collected,0
72026,Barataria Bay RC Pre-Katrina Spring 2005,KATBS-2005-60,Farfantepenaeus aztecus,1
72027,Barataria Bay RC Pre-Katrina Spring 2005,KATBS-2005-61,Farfantepenaeus aztecus,1
72028,Barataria Bay RC Pre-Katrina Spring 2005,KATBS-2005-61,Farfantepenaeus aztecus,1
72029,Barataria Bay RC Pre-Katrina Spring 2005,KATBS-2005-62,Farfantepenaeus aztecus,1
72030,Barataria Bay RC Pre-Katrina Spring 2005,KATBS-2005-62,Farfantepenaeus aztecus,1
72031,Barataria Bay RC Pre-Katrina Spring 2005,KATBS-2005-63,Farfantepenaeus aztecus,1
72032,Barataria Bay RC Pre-Katrina Spring 2005,KATBS-2005-63,Farfantepenaeus aztecus,1
72033,Barataria Bay RC Pre-Katrina Spring 2005,KATBS-2005-63,Farfantepenaeus aztecus,1
72034,Barataria Bay RC Pre-Katrina Spring 2005,KATBS-2005-64,Farfantepenaeus aztecus,1
72035,Barataria Bay RC Pre-Katrina Spring 2005,KATBS-2005-64,Farfantepenaeus aztecus,1
72036,Barataria Bay RC Pre-Katrina Spring 2005,KATBS-2005-64,Farfantepenaeus aztecus,1
